model,history_id,superseded_near_all_R,superseded_near_aligned_R,superseded_near_reversed_R,superseded_far_all_R,superseded_far_aligned_R,superseded_far_reversed_R,entity_mention_near_all_R,entity_mention_near_aligned_R,entity_mention_near_reversed_R,entity_mention_far_all_R,entity_mention_far_aligned_R,entity_mention_far_reversed_R,superseded_distance_effect_all,entity_mention_distance_effect_all,distance_by_construction_interaction_all,construction_gap_near_all,construction_gap_far_all,superseded_distance_effect_aligned,entity_mention_distance_effect_aligned,distance_by_construction_interaction_aligned,construction_gap_near_aligned,construction_gap_far_aligned,superseded_distance_effect_reversed,entity_mention_distance_effect_reversed,distance_by_construction_interaction_reversed,construction_gap_near_reversed,construction_gap_far_reversed
Qwen3-8B,relational_followups_distance_v1:confirmatory:0000,3.880875313557986,4.343000192580123,3.4187504345358493,3.0268433424425822,3.2549406609245812,2.7987460239605837,7.291653623550152,5.3809124560391695,9.202394791061135,7.132493010097528,5.318612143213421,8.946373876981637,0.8540319711154036,0.15916061345262378,0.6948713576627799,3.4107783099921662,4.105649667654946,1.0880595316555421,0.06230031282574888,1.0257592188297933,1.037912263459046,2.0636714822888393,0.6200044105752656,0.2560209140794978,0.3639834964957678,5.7836443565252855,6.147627853021053
Qwen3-8B,relational_followups_distance_v1:confirmatory:0001,3.2533199220675346,3.791817322657047,2.7148225214780224,2.0712083778536687,2.134581754882248,2.0078350008250894,4.7458049413514605,4.118757147666418,5.372852735036503,5.337495081470056,4.91348791415617,5.76150224878394,1.1821115442138659,-0.5916901401185957,1.7738016843324615,1.4924850192839259,3.2662867036163874,1.6572355677747987,-0.794730766489752,2.451966334264551,0.32693982500937135,2.778906159273922,0.706987520652933,-0.3886495137474375,1.0956370344003705,2.6580302135584803,3.753667247958851
Qwen3-8B,relational_followups_distance_v1:confirmatory:0002,2.932454142851029,2.9032045444091485,2.9617037412929097,2.4710678437573494,2.4036198578900585,2.5385158296246404,2.497717190395156,2.5900208657858768,2.405413515004435,3.289770400490994,3.4380015548563554,3.1415392461256326,0.4613862990936797,-0.7920532100958382,1.2534395091895179,-0.4347369524558733,0.8187025567336446,0.49958468651909005,-0.8479806890704786,1.3475653755895687,-0.3131836786232718,1.034381696966297,0.4231879116682693,-0.7361257311211977,1.159313642789467,-0.5562902262884748,0.6030234165009922
Qwen3-8B,relational_followups_distance_v1:confirmatory:0003,3.260268683128445,3.7591037717479105,2.761433594508979,3.2699981828867792,3.124185049146595,3.415811316626963,3.3520597619929102,3.319901915063455,3.3842176089223655,2.6433602134068424,3.212620761606993,2.074099665206692,-0.00972949975833437,0.7086995485860679,-0.7184290483444022,0.09179107886446536,-0.6266379694799369,0.6349187226013155,0.10728115345646216,0.5276375691448534,-0.43920185668445555,0.08843571246039783,-0.6543777221179838,1.3101179437156736,-1.9644956658336574,0.6227840144133863,-1.3417116514202712
Qwen3-8B,relational_followups_distance_v1:confirmatory:0004,1.7035379307537675,1.8815646116215166,1.5255112498860184,1.3918815033022118,1.4636352952263554,1.3201277113780683,4.0530166564365135,2.629051832274093,5.476981480598934,4.1994070692789975,3.1366189610516253,5.262195177506371,0.31165642745155564,-0.146390412842484,0.45804684029403964,2.3494787256827463,2.8075255659767855,0.4179293163951612,-0.5075671287775325,0.9254964451726937,0.7474872206525762,1.67298366582527,0.2053835385079501,0.21478630309256364,-0.009402764584613532,3.951470230712916,3.9420674661283024
Qwen3-8B,relational_followups_distance_v1:confirmatory:0005,3.099976891662809,2.831558691920135,3.368395091405483,1.6180403196159043,2.0267953426792267,1.209285296552582,5.307427842776875,3.7264997744068813,6.888355911146867,5.768002602884611,3.5100251012460753,8.025980104523146,1.4819365720469049,-0.4605747601077361,1.942511332154641,2.2074509511140654,4.149962283268707,0.8047633492409085,0.21647467316080604,0.5882886760801025,0.8949410824867461,1.4832297585668486,2.159109794852901,-1.1376241933762792,3.2967339882291804,3.519960819741384,6.816694807970564
Qwen3-8B,relational_followups_distance_v1:confirmatory:0006,3.1144675243844775,3.160894529915856,3.068040518853099,2.6924948745382533,3.193297564594249,2.1916921844822577,3.9554391385371708,3.316196153426919,4.594682123647423,4.349408666531804,3.95491994733888,4.743897385724727,0.4219726498462242,-0.3939695279946336,0.8159421778408578,0.8409716141526933,1.656913791993551,-0.032403034678393006,-0.6387237939119612,0.6063207592335682,0.15530162351106291,0.7616223827446311,0.8763483343708414,-0.14921526207730462,1.025563596448146,1.5266416047943236,2.5522052012424696
Qwen3-8B,relational_followups_distance_v1:confirmatory:0007,3.701963042737966,4.103072562960147,3.3008535225157853,3.1236268433231578,3.3782352483247484,2.869018438321567,3.802728712643739,3.781645416682479,3.8238120086049987,4.790980536540013,4.224841102197677,5.357119970882349,0.5783361994148084,-0.9882518238962739,1.5665880233110823,0.10076566990577263,1.667353693216855,0.7248373146353986,-0.4431956855151977,1.1680330001505963,-0.3214271462776681,0.8466058538729282,0.43183508419421823,-1.53330796227735,1.9651430464715682,0.5229584860892134,2.4881015325607816
Qwen3-8B,relational_followups_distance_v1:confirmatory:0008,3.266828463398497,3.0540695895912258,3.4795873372057686,2.991999076254681,3.2609234097333397,2.7230747427760225,4.266038302821439,3.7118944348921383,4.820182170750739,5.22818378839615,4.932882283815835,5.523485292976464,0.2748293871438161,-0.9621454855747107,1.2369748727185268,0.9992098394229418,2.2361847121414686,-0.20685382014211395,-1.2209878489236967,1.0141340287815828,0.6578248453009126,1.6719588740824953,0.7565125944297462,-0.7033031222257256,1.4598157166554717,1.3405948335449702,2.800410550200442
Qwen3-8B,relational_followups_distance_v1:confirmatory:0009,4.338964529666445,4.327598292177209,4.350330767155683,3.172555941047184,3.2489465640171646,3.0961653180772037,5.937755523222867,5.130658572002808,6.7448524744429275,7.15076117620801,5.730305796390636,8.571216556025385,1.1664085886192606,-1.2130056529851432,2.3794142416044037,1.5987909935564222,3.978205235160826,1.078651728160044,-0.5996472243878275,1.6782989525478715,0.8030602798255995,2.481359232373471,1.2541654490784788,-1.826364081582458,3.080529530660937,2.394521707287245,5.475051237948182
Qwen3-8B,relational_followups_distance_v1:confirmatory:0010,1.2736716275341693,1.114095688786061,1.4332475662822777,1.6535313914215974,2.6415554038808766,0.6655073789623183,3.2119937766328825,2.7367204753611603,3.687267077904605,2.409729333976061,2.8330290936504197,1.9864295743017024,-0.37985976388742815,0.8022644426568215,-1.1821242065442497,1.9383221490987133,0.7561979425544636,-1.5274597150948157,-0.0963086182892594,-1.4311510968055563,1.6226247865750993,0.19147368976954304,0.7677401873199594,1.7008375036029024,-0.933097316282943,2.254019511622327,1.3209221953393842
Qwen3-8B,relational_followups_distance_v1:confirmatory:0011,3.9203601282843223,3.555515735879079,4.2852045206895655,3.5549910187412572,3.920561540460148,3.1894204970223665,3.29863792111701,4.453852967523539,2.143422874710481,3.561415623578128,3.973041781525586,3.14978946563067,0.3653691095430651,-0.262777702461118,0.6281468120041831,-0.6217222071673123,0.006424604836870795,-0.3650458045810687,0.48081118599795314,-0.8458569905790219,0.8983372316444598,0.052480241065437916,1.095784023667199,-1.006366590920189,2.102150614587388,-2.1417816459790844,-0.039631031391696325
Qwen3-8B,relational_followups_distance_v1:confirmatory:0012,2.526310397026487,1.5787366732009511,3.4738841208520226,2.3182910494343867,2.1481761769221643,2.488405921946609,5.025317919935861,3.6277619995225083,6.422873840349213,5.69045891989428,4.862964120549952,6.51795371923861,0.20801934759210017,-0.6651409999584192,0.8731603475505194,2.4990075229093742,3.3721678704598936,-0.5694395037212132,-1.2352021210274438,0.6657626173062305,2.049025326321557,2.7147879436277877,0.9854781989054135,-0.09507987888939695,1.0805580777948105,2.948989719497191,4.029547797292001
Qwen3-8B,relational_followups_distance_v1:confirmatory:0013,2.8548730335397625,1.866800975067056,3.842945092012469,2.0781803544796458,2.038051987222765,2.1183087217365264,6.1588214644956825,4.569840872710334,7.74780205628103,7.018060734620809,4.279367624368098,9.75675384487352,0.7766926790601167,-0.8592392701251264,1.635931949185243,3.30394843095592,4.9398803801411635,-0.17125101215570915,0.2904732483422361,-0.46172426049794524,2.7030398976432783,2.241315637145333,1.7246363702759426,-2.0089517885924906,3.733588158868433,3.9048569642685607,7.638445123136994
Qwen3-8B,relational_followups_distance_v1:confirmatory:0014,2.64931909166669,3.7703280828695203,1.5283101004638597,2.5986688510758498,3.5163295892758555,1.681008112875844,3.570367362236528,3.4549300449662264,3.6858046795068287,3.2092252194868043,3.1071066115689154,3.311343827404693,0.05065024059084022,0.36114214274972367,-0.31049190215888345,0.921048270569838,0.6105563684109545,0.2539984935936648,0.3478234333973109,-0.09382493980364615,-0.3153980379032939,-0.40922297770694005,-0.15269801241198433,0.37446085210213553,-0.5271588645141199,2.157494579042969,1.630335714528849
Qwen3-8B,relational_followups_distance_v1:confirmatory:0015,2.6698855923896234,2.4314430000990424,2.9083281846802045,2.247953014577876,2.6502227716509106,1.8456832575048416,3.956048618707383,3.736341454931897,4.175755782482869,4.809544341399038,3.7382620352599254,5.880826647538149,0.4219325778117473,-0.8534957226916546,1.275428300503402,1.2861630263177597,2.5615913268211616,-0.21877977155186823,-0.0019205803280284428,-0.2168591912238398,1.3048984548328546,1.0880392636090148,1.0626449271753629,-1.70507086505528,2.767715792230643,1.2674275978026648,4.035143390033308
Qwen3-8B,relational_followups_distance_v1:confirmatory:0016,2.0269512240951713,2.362499613402556,1.6914028347877865,2.143811510635644,2.5036214732548716,1.7840015480164162,4.1986638485681285,3.2898121950872037,5.107515502049053,2.419516090203682,1.9751342073239897,2.863897973083375,-0.11686028654047265,1.7791477583644464,-1.896008044904919,2.171712624472957,0.2757045795680382,-0.14112185985231562,1.314677987763214,-1.4557998476155296,0.9273125816846477,-0.5284872659308819,-0.09259871322862967,2.2436175289656783,-2.336216242194308,3.4161126672612667,1.0798964250669587
Qwen3-8B,relational_followups_distance_v1:confirmatory:0017,3.7147432530461097,4.088687651709105,3.3407988543831135,2.8506003462018654,3.333169098330746,2.368031594072985,5.503752795869097,4.537784100584207,6.469721491153989,6.415012832507207,5.093727153883809,7.736298511130604,0.8641429068442443,-0.9112600366381098,1.7754029434823542,1.7890095428229875,3.5644124863053417,0.7555185533783586,-0.5559430532996021,1.3114616066779607,0.44909644887510236,1.760558055553063,0.9727672603101287,-1.2665770199766149,2.2393442802867436,3.128922636770876,5.368266917057619
Qwen3-8B,relational_followups_distance_v1:confirmatory:0018,4.408530983163692,4.403246780915233,4.413815185412151,3.177050306324674,3.3596951903496253,2.9944054222997227,3.4092731969374372,3.1989336587927566,3.619612735082118,3.6148860467970763,3.899360370547737,3.3304117230464154,1.2314806768390176,-0.205612849859639,1.4370935266986566,-0.9992577862262544,0.43783574047240226,1.0435515905656079,-0.7004267117549805,1.7439783023205884,-1.2043131221224765,0.5396651801981118,1.4194097631124283,0.2892010120357025,1.1302087510767258,-0.7942024503300331,0.3360063007466927
Qwen3-8B,relational_followups_distance_v1:confirmatory:0019,2.0940213251703135,2.3468960199779874,1.8411466303626396,1.6498063273553707,1.9781286118722186,1.3214840428385228,2.2133266251723995,2.7544149220288894,1.6722383283159101,2.461953847985444,2.555265065603863,2.368642630367025,0.4442149978149428,-0.2486272228130444,0.6928422206279872,0.11930530000208606,0.8121475206300732,0.3687674081057688,0.19914985642502625,0.16961755168074255,0.407518902050902,0.5771364537316446,0.5196625875241168,-0.696404302051115,1.2160668895752318,-0.16890830204672946,1.0471585875285023
Qwen3-8B,relational_followups_distance_v1:confirmatory:0020,2.6984152009088493,2.2426136749212033,3.154216726896496,1.9130489217853177,2.3749409042895806,1.4511569392810548,4.28604414459142,3.6017716999494787,4.970316589233361,4.598684871564595,4.339744006608741,4.85762573652045,0.7853662791235316,-0.312640726973175,1.0980070060967067,1.5876289436825708,2.6856359497792774,-0.13232722936837726,-0.7379723066592621,0.6056450772908848,1.3591580250282753,1.96480310231916,1.703059787615441,0.11269085271291157,1.5903689349025294,1.8160998623368654,3.4064687972393948
Qwen3-8B,relational_followups_distance_v1:confirmatory:0021,2.8257639627360804,1.8530695765274232,3.798458348944738,1.5987899130991547,1.949146392211945,1.248433433986365,2.907018491851116,2.149126948438814,3.6649100352634183,4.069132283408351,2.7420677583926603,5.39619680842404,1.2269740496369257,-1.1621137915572346,2.3890878411941605,0.08125452911503572,2.4703423703091962,-0.09607681568452175,-0.5929408099538462,0.4968639942693245,0.2960573719113908,0.7929213661807153,2.550024914958373,-1.731286773160622,4.281311688118995,-0.1335483136813198,4.147763374437675
Qwen3-8B,relational_followups_distance_v1:confirmatory:0022,4.008722366516419,4.781039155870426,3.236405577162412,2.752586199195259,2.8635819173871573,2.6415904810033606,4.669633554815412,4.702591783358837,4.636675326271988,4.475304496737966,4.102856596065762,4.8477523974101695,1.2561361673211597,0.1943290580774466,1.0618071092437131,0.6609111882989938,1.7227182975427069,1.9174572384832684,0.5997351872930752,1.3177220511901933,-0.0784473725115884,1.2392746786786049,0.5948150961590515,-0.21107707113818108,0.8058921672972326,1.4002697491095764,2.206161916406809
Qwen3-8B,relational_followups_distance_v1:confirmatory:0023,2.4469234372375337,2.252589481399366,2.6412573930757013,1.305103495228762,2.038613451105504,0.57159353935202,2.7148907951832215,3.4055009388106994,2.0242806515557437,3.35554189958746,3.5831486143250197,3.1279351848499015,1.1418199420087718,-0.6406511044042387,1.7824710464130105,0.2679673579456878,2.0504384043586983,0.21397603029386225,-0.17764767551432037,0.3916237058081826,1.1529114574113333,1.544535163219516,2.0696638537236813,-1.1036545332941579,3.173318387017839,-0.6169767415199576,2.5563416454978816
Qwen3-8B,relational_followups_distance_v1:confirmatory:0024,2.6225412964320483,1.9364557586180284,3.308626834246068,1.8081002185880815,1.856700948486381,1.759499488689782,1.481040500492004,1.0382143032878375,1.9238666976961705,2.6487399410473635,2.655980243241774,2.6414996388529532,0.8144410778439668,-1.1676994405553596,1.9821405183993264,-1.1415007959400443,0.8406397224592821,0.07975481013164742,-1.6177659399539364,1.6975207500855838,-0.898241455330191,0.7992792947553928,1.5491273455562862,-0.7176329411567828,2.266760286713069,-1.3847601365498976,0.8820001501631713
Qwen3-8B,relational_followups_distance_v1:confirmatory:0025,2.5869746167958168,2.9339804837390044,2.239968749852629,2.961731340688821,2.530349531813024,3.393113149564618,4.7738270224794475,4.632795517709191,4.914858527249705,4.195609445727972,3.8910919836480273,4.500126907807918,-0.3747567238930043,0.5782175767514754,-0.9529743006444797,2.1868524056836307,1.233878105039151,0.4036309519259804,0.7417035340611635,-0.3380725821351831,1.6988150339701864,1.3607424518350033,-1.153144399711989,0.4147316194417874,-1.5678760191537764,2.674889777397076,1.1070137582432995
Qwen3-8B,relational_followups_distance_v1:confirmatory:0026,1.626554031023031,0.9467067076228148,2.3064013544232473,1.6754042039526684,1.8168902485583462,1.5339181593469906,1.860636139967474,1.7248165000525182,1.9964557798824298,1.8029626543630302,2.125162004295189,1.4807633044308712,-0.04885017292963734,0.05767348560444385,-0.10652365853408119,0.23408210894444292,0.12755845041036173,-0.8701835409355314,-0.4003455042426709,-0.4698380366928605,0.7781097924297034,0.30827175573684285,0.7724831950762567,0.5156924754515586,0.2567907196246981,-0.3099455745408175,-0.053154854916119376
Qwen3-8B,relational_followups_distance_v1:confirmatory:0027,1.5449214497267283,1.624943215353527,1.4648996840999295,1.5481051828302546,2.2014259325162095,0.8947844331442996,1.6023187303145372,1.5091788555493615,1.695458605079713,1.7434298279478155,1.8633642064097273,1.6234954494859037,-0.003183733103526265,-0.14111109763327834,0.13792736452975207,0.05739728058780891,0.19532464511756098,-0.5764827171626825,-0.35418535086036584,-0.22229736630231667,-0.11576435980416555,-0.3380617261064822,0.57011525095563,0.07196315559380917,0.4981520953618208,0.23055892097978337,0.7287110163416042
Qwen3-8B,relational_followups_distance_v1:confirmatory:0028,2.003388362993695,1.767176860312829,2.2395998656745606,2.027809774478232,1.49187766485425,2.563741884102214,5.165194059286556,3.583090683624559,6.747297434948553,5.531068427156685,4.104245346140553,6.957891508172814,-0.02442141148453736,-0.36587436787012884,0.3414529563855915,3.161805696292861,3.5032586526784524,0.27529919545857906,-0.5211546625159942,0.7964538579745732,1.81591382331173,2.6123676812863033,-0.32414201842765333,-0.21059407322426082,-0.11354794520339251,4.507697569273993,4.3941496240706
Qwen3-8B,relational_followups_distance_v1:confirmatory:0029,1.8493108515715484,1.542680281791744,2.1559414213513532,1.8923209436224933,2.144709984399708,1.6399319028452783,7.47251898972717,5.087725247901592,9.85731273155275,7.13188462177663,4.525392723577099,9.73837651997616,-0.04301009205094486,0.3406343679505408,-0.38364446000148567,5.623208138155622,5.239563678154136,-0.6020297026079642,0.5623325243244937,-1.1643622269324578,3.5450449661098484,2.3806827391773906,0.5160095185060749,0.11893621157658885,0.39707330692948606,7.701371310201396,8.098444617130882
Qwen3-8B,relational_followups_distance_v1:confirmatory:0030,0.840647155208271,0.9330573559113606,0.7482369545051815,0.8009326096689064,0.7014559226570549,0.900409296680758,2.9137792910261178,2.862354604179058,2.965203977873177,3.7959085741922634,3.1959357848349645,4.395881363549561,0.0397145455393646,-0.8821292831661456,0.9218438287055102,2.073132135817847,2.994975964523357,0.2316014332543057,-0.33358118065590636,0.5651826139102121,1.9292972482676976,2.4944798621779096,-0.1521723421755765,-1.4306773856763844,1.2785050435008078,2.2169670233679954,3.4954720668688033
Qwen3-8B,relational_followups_distance_v1:confirmatory:0031,2.4696670658148223,2.816804881780522,2.122529249849123,2.914310402440148,2.664958176378607,3.1636626285016884,3.786845969207605,4.09315776671853,3.480534171696681,4.757942852301333,4.855182049963197,4.66070365463947,-0.4446433366253255,-0.9710968830937285,0.526453546468403,1.3171789033927825,1.8436324498611856,0.15184670540191458,-0.7620242832446671,0.9138709886465817,1.2763528849380084,2.19022387358459,-1.0411333786525656,-1.1801694829427887,0.13903610429022306,1.358004921847558,1.4970410261377811
Qwen3-8B,relational_followups_distance_v1:confirmatory:0032,2.6456171161134865,2.6426371150942485,2.648597117132725,2.8054643502145677,3.180784124594142,2.4301445758349933,3.293109952528986,2.8783815740030523,3.7078383310549214,4.248154079004349,3.6504441558762055,4.845864002132494,-0.15984723410108126,-0.9550441264753631,0.7951968923742818,0.6474928364154997,1.4426897287897815,-0.5381470094998937,-0.7720625818731532,0.23391557237325955,0.2357444589088038,0.46966003128206335,0.21845254129773162,-1.1380256710775725,1.356478212375304,1.0592412139221965,2.4157194262975006
Qwen3-8B,relational_followups_distance_v1:confirmatory:0033,3.4371775879098485,3.518410930266792,3.355944245552905,3.382382836011647,3.5375587857894732,3.2272068862338203,6.521347446823365,5.224600750629609,7.818094143017122,6.820285612951809,6.029548945055406,7.6110222808482115,0.05479475189820171,-0.29893816612844315,0.35373291802664486,3.084169858913517,3.4379027769401618,-0.01914785552268139,-0.8049481944257968,0.7858003389031154,1.706189820362817,2.4919901592659324,0.1287373593190848,0.2070718621689105,-0.07833450284982568,4.462149897464217,4.383815394614391
Qwen3-8B,relational_followups_distance_v1:confirmatory:0034,1.897121647918349,2.1377606766189414,1.6564826192177566,1.6371835179211893,2.2115161567816726,1.062850879060706,1.310623042430609,1.4844391056623127,1.136806979198905,1.3314029465932613,1.4695422339248978,1.1932636592616244,0.2599381299971597,-0.020779904162652407,0.2807180341598121,-0.5864986054877401,-0.305780571327928,-0.07375548016273115,0.01489687173741494,-0.08865235190014609,-0.6533215709566287,-0.7419739228567748,0.5936317401570506,-0.05645668006271931,0.6500884202197699,-0.5196756400188516,0.1304127802009183
Qwen3-8B,relational_followups_distance_v1:confirmatory:0035,3.1840100448609556,3.264037570700686,3.1039825190212254,2.8770138593968477,3.2984494550357235,2.455578263757972,3.0816866525435103,3.1024157160086823,3.0609575890783383,2.580309726754498,2.9025743740429064,2.25804507946609,0.3069961854641079,0.5013769257890122,-0.19438074032490427,-0.10232339231744536,-0.2967041326423496,-0.03441188433503761,0.19984134196577585,-0.23425322630081347,-0.16162185469200363,-0.3958750809928171,0.6484042552632534,0.8029125096122485,-0.15450825434899507,-0.04302492994288709,-0.19753318429188216
Qwen3-8B,relational_followups_distance_v1:confirmatory:0036,0.9837402596242677,1.935460692536691,0.032019826711844335,0.2688725566311845,0.911471763371944,-0.37372665010957506,4.074466545199597,3.435333678560201,4.713599411838992,4.869806694261949,3.36640360918393,6.373209779339969,0.7148677029930832,-0.7953401490623522,1.5102078520554354,3.090726285575329,4.600934137630764,1.023988929164747,0.06893006937627089,0.9550588597884762,1.4998729860235098,2.454931845811986,0.4057464768214194,-1.659610367500977,2.0653568443223964,4.681579585127148,6.746936429449544
Qwen3-8B,relational_followups_distance_v1:confirmatory:0037,2.5793116044502176,2.7285908496385907,2.430032359261845,1.7468557446594581,2.0699637291533914,1.4237477601655248,3.4499453639581703,3.050237287945717,3.8496534399706235,4.520887303695624,3.9948850609456827,5.046889546445566,0.8324558597907594,-1.070941939737454,1.9033977995282134,0.8706337595079527,2.774031559036166,0.6586271204851992,-0.9446477729999656,1.6032748934851648,0.32164643830712647,1.9249213317922913,1.00628459909632,-1.1972361064749428,2.203520705571263,1.4196210807087786,3.6231417862800415
Qwen3-8B,relational_followups_distance_v1:confirmatory:0038,1.715472357199296,2.430605522658512,1.0003391917400801,0.6176297550499235,1.4339576974780055,-0.19869818737815859,3.100435486816476,2.93200157879782,3.268869394835132,2.4440175006667118,3.7211634110667404,1.166871590266684,1.0978426021493726,0.6564179861497643,0.44142461599960825,1.38496312961718,1.8263877456167883,0.9966478251805064,-0.7891618322689204,1.7858096574494269,0.501396056139308,2.287205713588735,1.1990373791182387,2.101997804568448,-0.9029604254502095,2.268530203095052,1.3655697776448426
Qwen3-8B,relational_followups_distance_v1:confirmatory:0039,0.7894973372210394,1.9641997849041104,-0.38520511046203154,1.2156230037099558,1.9789318956743323,0.45231411174557934,2.4884988523209453,2.9219581089396884,2.055039595702202,3.064317608338069,3.92002374215763,2.2086114745185084,-0.42612566648891637,-0.575818756017124,0.1496930895282076,1.6990015150999058,1.8486946046281134,-0.014732110770221851,-0.9980656332179416,0.9833335224477198,0.957758324035578,1.9410918464832978,-0.8375192222076109,-0.1535718788163063,-0.6839473433913046,2.4402447061642336,1.756297362772929
Qwen3-8B,relational_followups_distance_v1:confirmatory:0040,2.814525839627377,2.9701758871494928,2.6588757921052615,1.9448648802179207,2.394060515370427,1.4956692450654145,4.987691692838231,4.133383932486827,5.841999453189635,4.932202130377017,5.241050095560793,4.623354165193241,0.8696609594094564,0.05548956246121417,0.8141713969482423,2.173165853210854,2.9873372501590962,0.5761153717790659,-1.107666163073966,1.6837815348530318,1.163208045337334,2.8469895801903657,1.163206547039847,1.2186452879963934,-0.05543874095654644,3.183123661084373,3.1276849201278267
Qwen3-8B,relational_followups_distance_v1:confirmatory:0041,3.305018592699465,2.8915096483010325,3.7185275370978976,2.1262808087494176,2.3670927418639662,1.885468875634869,6.335994746074821,4.9998221904865465,7.672167301663097,6.070467552289985,5.396126075986677,6.744809028593293,1.1787377839500475,0.2655271937848358,0.9132105901652117,3.030976153375356,3.9441867435405675,0.5244169064370663,-0.3963038855001306,0.9207207919371969,2.108312542185514,3.029033334122711,1.8330586614630286,0.927358273069804,0.9057003883932246,3.9536397645651995,4.859340152958424
Qwen3-8B,relational_followups_distance_v1:confirmatory:0042,1.9457397975557416,1.8802214476343018,2.0112581474771813,1.2273655456871322,1.4968753654080302,0.9578557259662341,2.953090869271856,3.1746878441698767,2.731493894373835,3.3192148852474697,3.4770788597669657,3.1613509107279727,0.7183742518686094,-0.36612401597561384,1.0844982678442232,1.0073510717161143,2.0918493395603375,0.38334608222627153,-0.30239101559708903,0.6857370978233606,1.294466396535575,1.9802034943589355,1.0534024215109472,-0.42985701635413776,1.483259437865085,0.7202357468966536,2.2034951847617386
Qwen3-8B,relational_followups_distance_v1:confirmatory:0043,1.8844403373968226,1.833780631857488,1.9351000429361571,1.340039708519428,2.0173463839393007,0.6627330330995553,1.4579098579550047,1.890415065103194,1.0254046508068155,2.4000208484866525,2.7665301167441743,2.0335115802291304,0.5444006288773946,-0.9421109905316478,1.4865116194090424,-0.4265304794418179,1.0599811399672245,-0.18356575208181258,-0.8761150516409804,0.6925492995591678,0.05663443324570583,0.7491837328048736,1.2723670098366018,-1.0081069294223148,2.2804739392589166,-0.9096953921293416,1.370778547129575
Qwen3-8B,relational_followups_distance_v1:confirmatory:0044,2.5677875876289287,1.6732136938942994,3.4623614813635575,1.6121296477892542,1.7390065420178633,1.485252753560645,5.600823382774343,3.5797191478212134,7.621927617727471,5.3929002072214445,3.01728784273728,7.768512571705609,0.9556579398396745,0.20792317555289852,0.747734764286776,3.0330357951454143,3.7807705594321903,-0.0657928481235639,0.5624313050839334,-0.6282241532074972,1.906505453926914,1.2782813007194167,1.9771087278029125,-0.1465849539781381,2.1236936817810506,4.159566136363914,6.283259818144964
Qwen3-8B,relational_followups_distance_v1:confirmatory:0045,2.289776061735144,1.920660901975301,2.658891221494987,1.3309829226934027,1.677019113487201,0.9849467318996039,6.191841113667703,4.062951357091439,8.320730870243967,6.083117022446255,4.368821521151778,7.797412523740733,0.9587931390417412,0.10872409122144777,0.8500690478202935,3.902065051932559,4.752134099752853,0.24364178848809992,-0.3058701640603392,0.5495119525484391,2.142290455116138,2.6918024076645772,1.673944489595383,0.5233183465032338,1.1506261430921492,5.66183964874898,6.812465791841129
Qwen3-8B,relational_followups_distance_v1:confirmatory:0046,2.4121715662279146,2.6755204407264963,2.148822691729333,2.217787163954136,2.5954845873680266,1.8400897405402459,3.992765420690132,3.784254596936515,4.201276244443748,4.270668871287014,3.3837989855231347,5.157538757050892,0.19438440227377862,-0.2779034505968818,0.47228785287066044,1.5805938544622173,2.052881707332878,0.08003585335846974,0.4004556114133804,-0.32041975805491063,1.1087341562100188,0.7883143981551082,0.30873295118908706,-0.956262512607144,1.264995463796231,2.052453552714415,3.317449016510646
Qwen3-8B,relational_followups_distance_v1:confirmatory:0047,2.525996333573719,2.27545043205793,2.776542235089508,2.475123981965836,2.7393927258320643,2.210855238099608,3.311553362368512,3.7187346374356127,2.9043720873014114,4.601227633591346,4.575773204464595,4.626682062718096,0.05087235160788284,-1.2896742712228342,1.340546622830717,0.785557028794793,2.12610365162551,-0.4639422937741342,-0.8570385670289826,0.3930962732548484,1.4432842053776826,1.836380478632531,0.5656869969898999,-1.7223099754166848,2.2879969724065847,0.12782985221190346,2.415826824618488
Qwen3-8B,relational_followups_distance_v1:confirmatory:0048,2.365098274804022,2.606366618259611,2.123829931348433,2.0682960603688922,2.5015578078843497,1.6350343128534348,4.762058966483771,4.8330316710307395,4.6910862619368014,4.990260005990317,5.141663662261434,4.838856349719201,0.29680221443512966,-0.2282010395065459,0.5250032539416756,2.396960691679749,2.9219639456214246,0.10480881037526135,-0.30863199123069407,0.4134408016059554,2.2266650527711285,2.640105854377084,0.488795618494998,-0.14777008778239953,0.6365657062773975,2.5672563305883687,3.203822036865766
Qwen3-8B,relational_followups_distance_v1:confirmatory:0049,3.8064548772212996,4.073909382101178,3.5390003723414214,3.5629022138037167,3.632884783891054,3.4929196437163794,5.052221243695149,4.487000092210668,5.61744239517963,7.299928599054106,6.286367526448939,8.313489671659275,0.24355266341758286,-2.2477073553589575,2.4912600187765404,1.2457663664738492,3.7370263852503895,0.44102459821012374,-1.7993674342382713,2.240392032448395,0.41309071010948983,2.653482742557885,0.04608072862504198,-2.6960472764796446,2.7421280051046866,2.0784420228382086,4.820570027942895
Qwen3-8B,relational_followups_distance_v1:confirmatory:0050,3.670478131272333,3.67858978666841,3.662366475876256,3.1730085621978388,3.348119399426878,2.9978977249687997,3.584681489091939,3.358912261019043,3.810450717164836,4.929617081928949,5.2141413548490725,4.645092809008826,0.49746956907449436,-1.3449355928370101,1.8424051619115045,-0.08579664218039396,1.7566085197311105,0.3304703872415322,-1.8552290938300295,2.1856994810715618,-0.31967752564936713,1.8660219554221946,0.6644687509074565,-0.8346420918439903,1.4991108427514468,0.14808424128857967,1.6471950840400265
Qwen3-8B,relational_followups_distance_v1:confirmatory:0051,3.765228159711895,3.69402265230529,3.8364336671184995,2.88044331048101,3.288574883410285,2.472311737551735,1.961306425952869,2.340535827055165,1.582077024850573,2.3489004898132992,3.277209020557752,1.4205919590688465,0.884784849230885,-0.38759406386043027,1.2723789130913152,-1.8039217337590259,-0.5315428206677106,0.4054477688950051,-0.9366731935025872,1.3421209623975923,-1.3534868252501253,-0.011365862852533049,1.3641219295667644,0.1614850657817266,1.2026368637850378,-2.2543566422679264,-1.0517197784828887
Qwen3-8B,relational_followups_distance_v1:confirmatory:0052,2.9171661230590287,2.4360071825646954,3.3983250635533615,3.138028010551831,3.0391615552506663,3.2368944658529952,5.869400478664197,4.417946818310513,7.3208541390178805,7.182651013247803,4.406595644644186,9.95870638185142,-0.2208618874928021,-1.3132505345836059,1.0923886470908037,2.9522343556051682,4.044623002695972,-0.6031543726859709,0.011351173666326986,-0.6145055463522979,1.9819396357458179,1.36743408939352,0.16143059770036627,-2.6378522428335387,2.799282840533905,3.922529075464519,6.721811915998424
Qwen3-8B,relational_followups_distance_v1:confirmatory:0053,2.4003500432083147,2.38146475810398,2.41923532831265,1.2071282398037277,1.1569032406101591,1.2573532389972963,5.749333319210026,4.082950253496929,7.415716384923125,6.856254605349768,5.012183468791163,8.700325741908376,1.193221803404587,-1.106921286139742,2.3001430895443287,3.3489832760017118,5.64912636554604,1.2245615174938207,-0.929233215294234,2.1537947327880547,1.7014854953929488,3.8552802281810035,1.1618820893153536,-1.2846093569852508,2.4464914463006044,4.996481056610476,7.442972502911079
Qwen3-8B,relational_followups_distance_v1:confirmatory:0054,1.9450052247685061,2.3587292839348857,1.5312811656021266,1.5141920234601445,1.9160287836032524,1.1123552633170366,3.548367181620757,3.3445875664385474,3.752146796802967,3.8069128494393008,3.790222380946125,3.823603317932477,0.43081320130836165,-0.2585456678185438,0.6893588691269055,1.6033619568522508,2.2927208259791563,0.44270050033163333,-0.44563481450757747,0.8883353148392108,0.9858582825036617,1.8741935973428725,0.41892590228508997,-0.07145652112951018,0.49038242341460014,2.2208656312008404,2.7112480546154405
Qwen3-8B,relational_followups_distance_v1:confirmatory:0055,1.7431083181296647,1.9644349849001186,1.5217816513592108,1.4120624273105733,1.4869327880432275,1.3371920665779191,2.019712669305949,1.9127345023555735,2.1266908362563246,3.1651050257192193,2.295266897914198,4.034943153524241,0.3310458908190914,-1.1453923564132702,1.4764382472323616,0.27660435117628435,1.753042598408646,0.4775021968568911,-0.3825323955586244,0.8600345924155155,-0.05170048254454507,0.8083341098709704,0.18458958478129173,-1.908252317267916,2.0928419020492077,0.6049091848971138,2.6977510869463215
Qwen3-8B,relational_followups_distance_v1:confirmatory:0056,2.711883631265863,2.9060348949724446,2.5177323675592813,1.5777032680102572,1.8964871198965598,1.2589194161239545,3.910899935679469,3.0915782090013417,4.730221662357597,3.3771090002406106,2.776428979509152,3.977789020972069,1.1341803632556058,0.5337909354388586,0.6003894278167472,1.1990163044136062,1.7994057322303534,1.0095477750758848,0.3151492294921896,0.6943985455836952,0.18554331402889712,0.8799418596125923,1.2588129514353268,0.7524326413855276,0.5063803100497992,2.2124892947983152,2.7188696048481145
Qwen3-8B,relational_followups_distance_v1:confirmatory:0057,3.7588083846561475,3.7595875628306015,3.7580292064816936,2.896292895206417,2.776846144276881,3.0157396461359527,6.245949511707394,4.860313518257908,7.631585505156881,7.326901405460285,6.294703575153851,8.35909923576672,0.8625154894497307,-1.080951893752891,1.9434673832026217,2.4871411270512467,4.430608510253869,0.9827414185537204,-1.4343900568959427,2.417131475449663,1.1007259554273068,3.51785743087697,0.7422895603457409,-0.7275137306098394,1.4698032909555803,3.8735562986751875,5.343359589630768
Qwen3-8B,relational_followups_distance_v1:confirmatory:0058,2.0433231772479794,2.1482956565669227,1.9383506979290361,2.018355723713576,2.3653095478631307,1.671401899564021,2.715732694783351,3.1132032205598907,2.318262169006811,2.5798346267539083,2.9884216733955506,2.171247580112266,0.02496745353440355,0.1358980680294426,-0.11093061449503905,0.6724095175353715,0.5614789030403324,-0.21701389129620807,0.12478154716434009,-0.34179543846054816,0.9649075639929681,0.6231121255324199,0.26694879836501517,0.1470145888945451,0.11993420947047007,0.3799114710777749,0.49984568054824496
Qwen3-8B,relational_followups_distance_v1:confirmatory:0059,2.100187885092986,2.4142208631039592,1.7861549070820129,2.4822804101153917,2.8465790819530836,2.1179817382776998,1.9672792234465266,2.3949137956004494,1.5396446512926039,2.4690995124814914,2.5114562330256023,2.4267427919373805,-0.38209252502240565,-0.5018202890349648,0.11972776401255913,-0.13290866164645943,-0.01318089763390029,-0.4323582188491244,-0.11654243742515291,-0.3158157814239715,-0.019307067503509856,-0.33512284892748134,-0.3318268311956869,-0.8870981406447767,0.5552713094490898,-0.246510255789409,0.30876105365968076
Qwen3-8B,relational_followups_distance_v1:confirmatory:0060,4.16672751741822,3.804116831144069,4.529338203692371,2.9240853673243548,3.2870756747824776,2.5610950598662323,6.161729128380589,3.689308655884945,8.634149600876233,6.501186316953214,3.944048896397023,9.058323737509404,1.2426421500938654,-0.3394571885726245,1.5820993386664899,1.995001610962369,3.577100949628859,0.5170411563615915,-0.2547402405120778,0.7717813968736693,-0.11480817525912412,0.6569732216145452,1.9682431438261383,-0.4241741366331713,2.3924172804593096,4.1048113971838625,6.497228677643172
Qwen3-8B,relational_followups_distance_v1:confirmatory:0061,1.8708548061443755,1.7577573892781317,1.9839522230106192,1.0645678881840144,1.4315431867181254,0.6975925896499033,4.785194940500617,3.774858942057367,5.795530938943864,4.816097266518777,3.7148416173944137,5.917352915643139,0.8062869179603611,-0.03090232601816023,0.8371892439785213,2.914340134356241,3.7515293783347623,0.32621420256000633,0.060017324662953175,0.26619687789705315,2.017101552779235,2.2832984306762882,1.286359633360716,-0.12182197669927497,1.4081816100599909,3.811578715933245,5.219760325993236
Qwen3-8B,relational_followups_distance_v1:confirmatory:0062,4.3546321582086,4.230857217758805,4.478407098658394,2.7849263028878686,2.768649487213117,2.8012031185626203,2.8450029306375524,2.6829663200680463,3.0070395412070585,3.6887975343770245,3.4948057190427866,3.8827893497112624,1.569705855320731,-0.8437946037394721,2.413500459060203,-1.5096292275710472,0.9038712314891559,1.4622077305456882,-0.8118393989747403,2.2740471295204285,-1.5478908976907588,0.7261562318296697,1.6772039800957739,-0.8757498085042039,2.552953788599978,-1.4713675574513356,1.0815862311486422
Qwen3-8B,relational_followups_distance_v1:confirmatory:0063,3.463420294696291,4.178671567206977,2.748169022185605,3.3826318115783236,3.820537072182921,2.9447265509737264,5.243717565682845,5.144417699684532,5.343017431681158,5.2122058907986615,5.367132958143321,5.057278823454002,0.08078848311796749,0.03151167488418327,0.04927680823378422,1.7802972709865537,1.8295740792203379,0.35813449502405614,-0.2227152584587886,0.5808497534828447,0.9657461324775554,1.5465958859604,-0.19655752878812116,0.285738608227156,-0.4822961370152772,2.594848409495553,2.1125522724802757
Qwen3-8B,relational_followups_distance_v1:confirmatory:0064,4.274573911361513,4.160546843225419,4.388600979497605,3.406024238490716,3.2319822412607913,3.5800662357206408,4.376689676350594,3.9612756077659688,4.79210374493522,5.572784209668772,4.026278538219894,7.11928988111765,0.8685496728707967,-1.1960945333181776,2.0646442061889743,0.10211576498908137,2.1667599711780556,0.9285646019646281,-0.06500293045392525,0.9935675324185533,-0.19927123545945058,0.7942962969591028,0.8085347437769643,-2.32718613618243,3.1357208799593943,0.4035027654376151,3.5392236453970094
Qwen3-8B,relational_followups_distance_v1:confirmatory:0065,3.338233060924849,3.15841670636486,3.518049415484838,2.828070943664892,3.2580703780183624,2.3980715093114213,3.913425257465458,3.021286290651352,4.805564224279564,4.552096804933049,3.5804937615071895,5.523699848358907,0.5101621172599571,-0.6386715474675908,1.1488336647275479,0.575192196540609,1.724025861268157,-0.09965367165350258,-0.5592074708558377,0.4595537992023351,-0.13713041571350804,0.32242338348882704,1.1199779061734167,-0.7181356240793431,1.8381135302527598,1.2875148087947261,3.125628339047486
Qwen3-8B,relational_followups_distance_v1:confirmatory:0066,3.486179879752252,3.988076056942356,2.9842837025621476,3.0746344503994525,3.151500248821309,2.997768651977596,3.921155865034852,4.394885725919593,3.4474260041501106,4.155467393457691,4.404752466200518,3.9061823207148634,0.41154542935279936,-0.2343115284228392,0.6458569577756386,0.43497598528260006,1.0808329430582386,0.8365758081210473,-0.009866740280925157,0.8464425484019724,0.40680966897723714,1.2532522173792096,-0.013484949415448533,-0.4587563165647528,0.44527136714930426,0.463142301587963,0.9084136687372673
Qwen3-8B,relational_followups_distance_v1:confirmatory:0067,3.2586073791413446,3.1263809577772816,3.390833800505408,2.587480004081018,2.572142647277394,2.6028173608846417,2.7214037120099546,2.5903919723151043,2.852415451704805,2.840633652743468,2.543804162322594,3.137463143164342,0.6711273750603266,-0.11922994073351356,0.7903573157938402,-0.53720366713139,0.25315364866245016,0.5542383104998878,0.04658780999251011,0.5076505005073777,-0.5359889854621773,-0.028338484954799625,0.7880164396207663,-0.28504769145953723,1.0730641310803035,-0.5384183488006031,0.5346457822797004
Qwen3-8B,relational_followups_distance_v1:confirmatory:0068,3.5433267222320657,3.078768467305252,4.00788497715888,1.8750857304416866,2.229844017478982,1.5203274434043905,5.715388294005017,4.37189448746482,7.0588821005452145,6.327197722791501,3.8158090864240766,8.838586359158926,1.668240991790379,-0.6118094287864846,2.2800504205768637,2.172061571772951,4.452111992349815,0.8489244498262698,0.5560854010407432,0.2928390487855266,1.2931260201595678,1.5859650689450944,2.4875575337544893,-1.7797042586137115,4.267261792368201,3.0509971233863347,7.3182589157545355
Qwen3-8B,relational_followups_distance_v1:confirmatory:0069,1.6952038282597446,1.4347067508005318,1.955700905718957,1.077175471122869,1.2609442858733138,0.8934066563724241,2.4106763294806144,1.483910299641627,3.337442359319602,3.323115728955918,2.1775229718006868,4.468708486111149,0.6180283571368757,-0.9124393994753035,1.5304677566121792,0.7154725012208698,2.245940257833049,0.17376246492721803,-0.6936126721590599,0.8673751370862779,0.049203548841095124,0.916578685927373,1.0622942493465328,-1.1312661267915471,2.19356037613808,1.381741453600645,3.575301829738725
Qwen3-8B,relational_followups_distance_v1:confirmatory:0070,3.088667484274489,3.288074716529297,2.889260252019681,2.0980026760518413,2.464864916264222,1.7311404358394604,3.2727450766985973,2.6079833674452724,3.937506785951922,3.1092021269589623,2.497670457286228,3.7207337966316967,0.9906648082226477,0.163542949739635,0.8271218584830127,0.18407759242410826,1.011199450907121,0.823209800265075,0.11031291015904454,0.7128968901060304,-0.6800913490840248,0.03280554102200561,1.1581198161802204,0.21677298932022548,0.9413468268599949,1.0482465339322413,1.9895933607922363
Qwen3-8B,relational_followups_distance_v1:confirmatory:0071,2.935008387377956,3.7986203156362697,2.0713964591196428,2.425136272865721,2.565218940918614,2.285053604812828,3.662955093893258,3.2358009867321673,4.090109201054348,3.88992163606523,4.24569966157537,3.5341436105550894,0.5098721145122354,-0.2269665421719722,0.7368386566842076,0.7279467065153016,1.4647853631995091,1.2334013747176558,-1.0098986748432024,2.243300049560858,-0.5628193289041024,1.6804807206567558,-0.21365714569318506,0.5559655904992589,-0.7696227361924439,2.0187127419347055,1.2490900057422616
Qwen3-8B,relational_followups_distance_v1:confirmatory:0072,2.6484505553238153,2.988068645802678,2.3088324648449525,2.5286833743211368,2.35638850484018,2.700978243802094,4.7585976350707,4.149160982610046,5.368034287531353,4.598644558299515,4.5703507269960495,4.62693838960298,0.11976718100267858,0.15995307677118475,-0.040185895768506175,2.1101470797468846,2.0699611839783785,0.6316801409624984,-0.42118974438600354,1.052869885348502,1.1610923368073678,2.2139622221558697,-0.39214577895714164,0.741095897928373,-1.1332416768855147,3.0592018226864006,1.925960145800886
Qwen3-8B,relational_followups_distance_v1:confirmatory:0073,2.7786809531710395,2.6948210908865224,2.8625408154555565,2.811031833327147,2.353389628988121,3.268674037666173,4.567856752984342,3.88741019175103,5.2483033142176545,4.704005113462368,4.09844790937901,5.309562317545726,-0.03235088015610765,-0.1361483604780256,0.10379748032191793,1.7891757998133029,1.8929732801352208,0.34143146189840134,-0.2110377176279794,0.5524691795263807,1.1925891008645078,1.7450582803908885,-0.40613322221061665,-0.06125900332807177,-0.3448742188825449,2.385762498762098,2.040888279879553
Qwen3-8B,relational_followups_distance_v1:confirmatory:0074,3.12146293075083,2.6554908077242754,3.5874350537773845,2.859029079159459,2.695227698975126,3.0228304593437922,2.643191417961118,2.824079347289402,2.462303488632834,2.847776315849972,2.9022220948200212,2.793330536879923,0.2624338515913709,-0.20458489788885403,0.4670187494802249,-0.4782715127897119,-0.01125276330948699,-0.03973689125085045,-0.07814274753061934,0.03840585627976889,0.16858853956512654,0.20699439584489543,0.5646045944335922,-0.33102704824708873,0.895631642680681,-1.1251315651445504,-0.2294999224638694
Qwen3-8B,relational_followups_distance_v1:confirmatory:0075,1.2176548134671945,1.6072771160517312,0.8280325108826574,1.7742950883257143,1.8747947822900541,1.6737953943613744,1.8758864538861144,1.868988302992264,1.8827846047799648,2.526222370096151,3.415783090869894,1.6366616493224075,-0.5566402748585197,-0.6503359162100364,0.09369564135151665,0.6582316404189199,0.7519272817704366,-0.26751766623832296,-1.54679478787763,1.279277121639307,0.26171118694053286,1.54098830857984,-0.845762883478717,0.24612295545755725,-1.0918858389362742,1.0547520938973074,-0.037133745038966826
Qwen3-8B,relational_followups_distance_v1:confirmatory:0076,2.2424373392092276,1.3337777549315306,3.151096923486924,1.7719349012409067,2.1019030042477787,1.4419667982340347,5.761321720640886,3.182683367991557,8.339960073290218,5.147173755085798,3.815221803159268,6.479125707012328,0.4705024379683209,0.6141479655550883,-0.1436455275867674,3.5188843814316586,3.375238853844891,-0.768125249316248,-0.632538435167711,-0.13558681414853702,1.8489056130600265,1.7133187989114895,1.7091301252528894,1.8608343662778903,-0.1517042410250009,5.188863149803294,5.037158908778293
Qwen3-8B,relational_followups_distance_v1:confirmatory:0077,1.901749132364428,1.749706810547368,2.0537914541814875,1.734954863963885,2.0404696786250947,1.4294400493026753,5.400061753985239,3.7095690203709193,7.090554487599559,4.2639798963231055,3.0704200094067593,5.457539783239451,0.166794268400543,1.1360818576621332,-0.9692875892615902,3.4983126216208107,2.5290250323592205,-0.29076286807772656,0.63914901096416,-0.9299118790418865,1.9598622098235512,1.0299503307816646,0.6243514048788121,1.6330147043601082,-1.008663299481296,5.0367630334180715,4.0280997339367755
Qwen3-8B,relational_followups_distance_v1:confirmatory:0078,2.5394586276534112,2.560589191222059,2.5183280640847636,2.805117195356008,3.313149802955624,2.297084587756392,4.248329336506377,4.373790372385793,4.12286830062696,4.3041760149203725,4.065759017877026,4.542593011963719,-0.26565856770259666,-0.05584667841399593,-0.20981188928860073,1.7088707088529653,1.4990588195643646,-0.752560611733565,0.30803135450876695,-1.060591966242332,1.813201181163734,0.7526092149214021,0.2212434763283717,-0.4197247113367588,0.6409681876651305,1.6045402365421966,2.245508424207327
Qwen3-8B,relational_followups_distance_v1:confirmatory:0079,3.210261543895129,3.058992080142791,3.361531007647467,2.8120563708694353,2.843394774460374,2.7807179672784965,3.887130655950097,3.85819092617641,3.916070385723784,4.726181229751237,4.690437128883942,4.761925330618532,0.3982051730256937,-0.8390505738011402,1.237255746826834,0.6768691120549679,1.9141248588818018,0.21559730568241697,-0.8322462027075321,1.047843508389949,0.7991988460336188,1.847042354423568,0.5808130403689704,-0.8458549448947483,1.4266679852637187,0.554539378076317,1.9812073633400358
Qwen3-8B,relational_followups_distance_v1:confirmatory:0080,3.3821362723408686,3.1316180232586133,3.632654521423124,2.5123633100850595,2.65005806400794,2.374668556162179,5.1087602950354025,4.72133696434513,5.496183625725675,4.402186814132193,4.662386357340782,4.141987270923604,0.869772962255809,0.7065734809032094,0.16319948135259965,1.726624022694534,1.8898235040471336,0.4815599592506734,0.05895060700434751,0.4226093522463259,1.5897189410865167,2.0123282933328426,1.2579859652609446,1.3541963548020712,-0.0962103895411266,1.8635291043025513,1.7673187147614247
Qwen3-8B,relational_followups_distance_v1:confirmatory:0081,2.328100509863938,2.137282512138828,2.5189185075890475,1.6557500349872618,1.910403619281098,1.4010964506934256,3.6112060080377266,2.9055455576995923,4.316866458375861,3.8789314515604376,3.3700824353678698,4.3877804677530055,0.672350474876676,-0.267725443522711,0.940075918399387,1.2831054981737888,2.223181416573176,0.2268788928577301,-0.46453687766827745,0.6914157705260076,0.7682630455607642,1.4596788160867717,1.1178220568956219,-0.07091400937714454,1.1887360662727664,1.7979479507868135,2.98668401705958
Qwen3-8B,relational_followups_distance_v1:confirmatory:0082,3.6515000767835386,4.007557854449684,3.2954422991173935,2.8804122801005825,3.533348228711888,2.227476331489278,2.9659859281810514,3.2890136748143277,2.642958181547775,4.343079883061943,5.235119931792202,3.4510398343316853,0.7710877966829561,-1.3770939548808916,2.1481817515638477,-0.6855141486024872,1.4626676029613606,0.4742096257377959,-1.946106256977874,2.42031588271567,-0.718544179635356,1.701771703080314,1.0679659676281155,-0.8080816527839101,1.8760476204120256,-0.6524841175696183,1.2235635028424072
Qwen3-8B,relational_followups_distance_v1:confirmatory:0083,2.5841099464898254,2.1820848406097006,2.98613505236995,2.2243718784641278,2.1733813117587157,2.27536244516954,2.963060851024549,3.025288320496969,2.900833381552129,2.9611766309754284,3.1166445577053006,2.805708704245556,0.35973806802569763,0.0018842200491206995,0.35785384797657693,0.3789509045347237,0.7368047525113006,0.00870352885098491,-0.09135623720833141,0.10005976605931632,0.8432034798872685,0.9432632459465848,0.7107726072004104,0.09512467730657281,0.6156479298938375,-0.08530167081782114,0.5303462590760164
Qwen3-8B,relational_followups_distance_v1:confirmatory:0084,2.624065047472387,2.6150516355569184,2.633078459387855,2.376087510977016,3.0988361439236627,1.653338878030369,7.038230646764376,4.632329029831518,9.444132263697234,7.016590194253629,4.730877665903935,9.302302722603324,0.2479775364953709,0.021640452510746755,0.22633708398462415,4.414165599291989,4.640502683276614,-0.48378450836674425,-0.09854863607241704,-0.3852358722943272,2.0172773942745996,1.6320415219802724,0.9797395813574861,0.14182954109391055,0.8379100402635755,6.811053804309379,7.648963844572955
Qwen3-8B,relational_followups_distance_v1:confirmatory:0085,2.9761088152199555,2.9652242810282683,2.9869933494116427,2.8097486251978063,2.9771122170734365,2.6423850333221757,6.347493793476614,5.358656174204823,7.3363314127484065,7.489677995318305,5.494078216779688,9.48527777385692,0.1663601900221492,-1.1421842018416903,1.3085443918638395,3.3713849782566587,4.679929370120498,-0.011887936045168246,-0.13542204257486556,0.12353410652969732,2.3934318931765546,2.516965999706252,0.34460831608946707,-2.1489463611085133,2.4935546771979804,4.349338063336764,6.842892740534744
Qwen3-8B,relational_followups_distance_v1:confirmatory:0086,2.0931726059467186,3.06632095146131,1.1200242604321273,2.031756350230957,2.2991516192412433,1.7643610812206703,3.6716291700971824,3.8189625425681326,3.524295797626232,3.6385023809632724,3.283137449746464,3.9938673121800816,0.061416255715761814,0.033126789133909984,0.02828946658185183,1.5784565641504638,1.6067460307323156,0.7671693322200666,0.5358250928216686,0.231344239398398,0.7526415911068227,0.9839858305052207,-0.6443368207885429,-0.4695715145538495,-0.17476530623469344,2.404271537194105,2.2295062309594114
Qwen3-8B,relational_followups_distance_v1:confirmatory:0087,1.4172370094122946,1.7836721479874456,1.0508018708371436,1.3056819808683127,1.6621486310139026,0.9492153307227227,2.4550747559864745,2.406261377697736,2.5038881342752135,2.8768557854299974,2.6288941389645735,3.124817431895421,0.11155502854398192,-0.4217810294435229,0.5333360579875048,1.03783774657418,1.5711738045616848,0.12152351697354291,-0.2226327612668375,0.3441562782403804,0.6225892297102904,0.9667455079506708,0.10158654011442092,-0.6209292976202074,0.7225158377346284,1.45308626343807,2.1756021011726983
Qwen3-8B,relational_followups_distance_v1:confirmatory:0088,4.903136432231969,4.219201177648426,5.587071686815514,3.300156972457957,3.855443413317226,2.7448705315986883,4.768409244529447,4.040788372596737,5.496030116462157,5.048468166360923,4.634150761441893,5.462785571279955,1.6029794597740121,-0.2800589218314764,1.8830383816054885,-0.13472718770252268,1.7483111939029659,0.3637577643311998,-0.593362388845156,0.9571201531763558,-0.1784128050516891,0.7787073481246667,2.8422011552168254,0.033244545182201435,2.808956610034624,-0.09104157035335714,2.717915039681267
Qwen3-8B,relational_followups_distance_v1:confirmatory:0089,2.8038006633223596,2.705024435865191,2.902576890779528,2.3398495989417563,2.4090800723987336,2.270619125484779,3.5005129211508645,2.9469029846882053,4.054122857613524,5.137787946729808,3.7007693515309645,6.574806541928652,0.4639510643806033,-1.6372750255789432,2.1012260899595465,0.696712257828505,2.7979383477880515,0.29594436346645736,-0.7538663668427592,1.0498107303092166,0.2418785488230144,1.291689279132231,0.6319577652947492,-2.520683684315128,3.1526414496098774,1.1515459668339956,4.304187416443873
Qwen3-8B,relational_followups_distance_v1:confirmatory:0090,2.06938041270203,2.445571062936418,1.6931897624676422,1.368059997562788,1.6452472211388276,1.0908727739867485,2.1449123677512194,2.672747960921532,1.617076774580907,2.711011291668676,3.1882694083742713,2.2337531749630806,0.701320415139242,-0.5660989239174565,1.2674193390566986,0.0755319550491893,1.3429512941058879,0.8003238417975904,-0.5155214474527394,1.3158452892503298,0.22717689798511387,1.5430221872354437,0.6023169884808937,-0.6166764003821736,1.2189933888630673,-0.07611298788673526,1.142880400976332
Qwen3-8B,relational_followups_distance_v1:confirmatory:0091,0.8104191995345278,0.9139054478246176,0.706932951244438,0.22668182620375021,0.06557099551385814,0.3877926568936423,0.9831108053619348,1.3391986156498499,0.6270229950740198,1.7346500138461143,2.4993371324971223,0.9699628951951067,0.5837373733307776,-0.7515392084841794,1.335276581814957,0.17269160582740706,1.507968187642364,0.8483344523107594,-1.1601385168472724,2.008472969158032,0.4252931678252323,2.433766136983264,0.3191402943507957,-0.3429399001210869,0.6620801944718826,-0.07990995617041818,0.5821702383014644
Qwen3-8B,relational_followups_distance_v1:confirmatory:0092,2.658688358278138,1.9494707540323981,3.3679059625238774,1.7162388907968618,1.6189459849475858,1.8135317966461377,4.842724041406339,3.8551940346156837,5.830254048196994,5.534605856421777,4.097069964726023,6.97214174811753,0.9424494674812762,-0.6918818150154378,1.634331282496714,2.1840356831282013,3.8183669656249153,0.3305247690848123,-0.24187593011033925,0.5724006991951516,1.9057232805832856,2.478123979778437,1.5543741658777397,-1.1418876999205363,2.696261865798276,2.4623480856731166,5.158609951471393
Qwen3-8B,relational_followups_distance_v1:confirmatory:0093,1.9690716213338622,2.0408768948451645,1.8972663478225602,1.4243884887824323,1.7474757148154922,1.1013012627493728,4.382721748166127,2.7303657356453503,6.035077760686904,4.501749014997838,2.5172341914104837,6.486263838585192,0.5446831325514299,-0.1190272668317105,0.6637103993831404,2.413650126832265,3.0773605262154056,0.2934011800296723,0.2131315442348667,0.08026963579480562,0.6894888408001858,0.7697584765949914,0.7959650850731874,-0.4511860778982877,1.247151162971475,4.137811412864344,5.384962575835819
Qwen3-8B,relational_followups_distance_v1:confirmatory:0094,2.0120680385676115,2.6491528184579556,1.374983258677267,1.247056330267367,1.7857636835631574,0.7083489769715765,3.3546861551554343,3.105303186258945,3.604069124051924,2.9503858546592796,3.2290507690317733,2.6717209402867854,0.7650117083002446,0.40430030049615473,0.36071140780408983,1.3426181165878228,1.7033295243919127,0.8633891348947982,-0.12374758277282849,0.9871367176676267,0.4561503678009893,1.443287085468616,0.6666342817056905,0.9323481837651384,-0.2657139020594479,2.229085865374657,1.963371963315209
Qwen3-8B,relational_followups_distance_v1:confirmatory:0095,1.8856638924251952,2.600558944250631,1.1707688405997594,1.5810210753789469,1.5790085604253905,1.5830335903325032,2.5662428921361617,2.857890866828261,2.2745949174440625,3.1185598160862917,2.736929883483217,3.5001897486893667,0.3046428170462483,-0.55231692395013,0.8569597409963783,0.6805789997109666,1.5375387407073449,1.0215503838252404,0.1209609833450438,0.9005894004801966,0.25733192257763005,1.1579213230578267,-0.41226474973274385,-1.2255948312453042,0.8133300815125604,1.1038260768443031,1.9171561583568635
Gemma 3 4B,relational_followups_distance_v1:confirmatory:0000,1.9365959876699503,2.498640297275437,1.3745516780644635,1.0391035864972475,1.0970955151423372,0.9811116578521579,2.3110499417672727,3.682901619745949,0.9391982637885965,2.1976805329324876,3.491745806713226,0.9036152591517492,0.8974924011727028,0.11336940883478519,0.7841229923379176,0.3744539540973224,1.15857694643524,1.4015447821331,0.1911558130327231,1.2103889691003769,1.1842613224705119,2.3946502915708887,0.3934400202123056,0.03558300463684727,0.35785701557545835,-0.43535341427586705,-0.0774963987004087
Gemma 3 4B,relational_followups_distance_v1:confirmatory:0001,1.1824956212747313,1.3276971050657496,1.037294137483713,0.6920287277899697,0.5553399788758213,0.8287174767041181,1.0486898340858732,1.8473568587712643,0.25002280940048216,1.121549629617514,1.284695159523364,0.9584040997116636,0.4904668934847616,-0.07285979553164079,0.5633266890164024,-0.13380578718885805,0.4295209018275443,0.7723571261899282,0.5626616992479003,0.20969542694202792,0.5196597537055148,0.7293551806475427,0.2085766607795949,-0.7083812903111815,0.9169579510907764,-0.7872713280832309,0.12968662300754552
Gemma 3 4B,relational_followups_distance_v1:confirmatory:0002,0.843692623338772,0.4827776284888934,1.2046076181886507,1.4671829308638422,1.074190513360053,1.8601753483676315,1.7065643138865938,1.9515562684291465,1.461572359344041,2.291330287608772,1.9699808073435072,2.612679767874037,-0.6234903075250702,-0.5847659737221784,-0.03872433380289175,0.8628716905478218,0.82414735674493,-0.5914128848711595,-0.01842453891436069,-0.5729883459567988,1.4687786399402532,0.8957902939834543,-0.6555677301789808,-1.1511074085299962,0.4955396783510153,0.25696474115539036,0.7525044195064057
Gemma 3 4B,relational_followups_distance_v1:confirmatory:0003,0.26732440456627327,0.3682905664677625,0.16635824266478405,-0.21630426122725588,0.12609972741190667,-0.5587082498664184,1.2282812501251512,1.2080361676084737,1.2485263326418288,1.6707578899704458,2.021250259736263,1.3202655202046287,0.48362866579352914,-0.4424766398452946,0.9261053056388238,0.960956845558878,1.8870621511977017,0.2421908390558558,-0.8132140921277893,1.055404931183645,0.8397456011407112,1.8951505323243563,0.7250664925312025,-0.07173918756279996,0.7968056800940024,1.0821680899770447,1.8789737700710472
Gemma 3 4B,relational_followups_distance_v1:confirmatory:0004,2.947203594546822,2.783152463759084,3.11125472533456,2.3015845331562335,2.2506430359066716,2.3525260304057953,3.349809847204282,3.955329694565054,2.7442899998435095,3.080556973254994,3.4947768979023817,2.6663370486076063,0.6456190613905886,0.2692528739492879,0.3763661874413007,0.40260625265745986,0.7789724400987605,0.5325094278524123,0.4605527966626721,0.07195663118974016,1.17217723080597,1.24413386199571,0.7587286949287648,0.07795295123590318,0.6807757436928616,-0.36696472549105064,0.313811018201811
Gemma 3 4B,relational_followups_distance_v1:confirmatory:0005,1.815474672690707,1.9370816306431355,1.693867714738278,0.881547145895992,0.4633969761991992,1.299697315592785,1.6962569989285736,2.2112141653254747,1.1812998325316721,1.6039090610253366,1.9958890304414063,1.2119290916092669,0.9339275267947149,0.09234793790323703,0.8415795888914779,-0.11921767376213332,0.7223619151293446,1.4736846544439364,0.21532513488406835,1.258359519559868,0.2741325346823391,1.5324920542422071,0.394170399145493,-0.030629259077594728,0.42479965822308774,-0.5125678822066058,-0.08776822398351802
Gemma 3 4B,relational_followups_distance_v1:confirmatory:0006,2.7234874334240597,2.75702882596598,2.6899460408821394,2.475962472066518,2.4808085378179037,2.471116406315132,2.2446066265783386,1.9472018359184986,2.5420114172381787,1.9908452329233777,2.114675286572351,1.8670151792744045,0.24752496135754187,0.253761393654961,-0.006236432297419103,-0.4788808068457211,-0.4851172391431402,0.2762202881480764,-0.16747345065385222,0.44369373880192864,-0.8098269900474815,-0.36613325124555285,0.21882963456700733,0.6749962379637742,-0.45616660339676685,-0.1479346236439607,-0.6041012270407276
Gemma 3 4B,relational_followups_distance_v1:confirmatory:0007,2.4294989776270537,1.941066108947199,2.9179318463069084,1.728758440717833,2.546500040383206,0.9110168410524597,2.876261013237313,2.903651781941785,2.848870244532841,2.8010621180304818,3.522191610347498,2.0799326257134654,0.7007405369092208,0.0751988952068312,0.6255416417023896,0.4467620356102593,1.0723036773126489,-0.6054339314360071,-0.6185398284057131,0.013105896969705988,0.9625856729945861,0.9756915699642921,2.0069150052544487,0.7689376188193755,1.2379773864350732,-0.0690616017740675,1.1689157846610057
Gemma 3 4B,relational_followups_distance_v1:confirmatory:0008,3.3826188146816554,3.6521483421809533,3.1130892871823574,2.4413143041659677,3.0897283595993406,1.792900248732595,2.497003277908223,2.631294564522685,2.362711991293761,2.2687360963696572,3.0109468183002344,1.52652537443908,0.9413045105156876,0.22826718153856573,0.7130373289771219,-0.8856155367734324,-0.1725782077963105,0.5624199825816127,-0.3796522537775493,0.942072236359162,-1.0208537776582682,-0.0787815412991062,1.3201890384497625,0.8361866168546808,0.4840024215950818,-0.7503772958885966,-0.2663748742935148
Gemma 3 4B,relational_followups_distance_v1:confirmatory:0009,2.318794061048126,2.3367605352474,2.3008275868488526,1.3941938551500082,1.6065690933568,1.1818186169432163,2.7315266451744433,3.805073800852865,1.6579794894960216,2.948842088620056,3.5756588070728794,2.322025370167233,0.924600205898118,-0.21731544344561282,1.1419156493437308,0.4127325841263172,1.554648233470048,0.7301914418906001,0.22941499377998564,0.5007764481106145,1.468313265605465,1.9690897137160794,1.1190089699056363,-0.6640458806712113,1.7830548505768475,-0.642848097352831,1.1402067532240165
Gemma 3 4B,relational_followups_distance_v1:confirmatory:0010,0.44415654732828136,0.8248533619240943,0.06345973273246841,1.1986499648397362,1.5401368991412943,0.8571630305381781,2.164240201399537,3.250330070330929,1.0781503324681445,2.9370025930795483,3.178654408800686,2.6953507773584104,-0.7544934175114548,-0.7727623916800113,0.01826897416855644,1.7200836540712556,1.738352628239812,-0.7152835372172,0.07167566153024296,-0.7869591987474429,2.4254767084068347,1.6385175096593918,-0.7937032978057097,-1.617200444890266,0.8234971470845562,1.014690599735676,1.8381877468202323
Gemma 3 4B,relational_followups_distance_v1:confirmatory:0011,1.852090651363449,2.3156594243575546,1.3885218783693434,1.405607447837237,1.6894770763803146,1.1217378192941592,3.6119178400213454,3.8661952057233497,3.357640474319342,4.344668968599291,4.783024859717438,3.906313077481144,0.44648320352621207,-0.7327511285779456,1.1792343321041576,1.7598271886578964,2.939061520762054,0.6261823479772399,-0.9168296539940881,1.543012001971328,1.5505357813657952,3.093547783337123,0.2667840590751842,-0.5486726031618021,0.8154566622369863,1.9691185959499986,2.784575258186985
Gemma 3 4B,relational_followups_distance_v1:confirmatory:0012,2.1583039902394496,2.519543853584765,1.797064126894134,1.907576446941483,1.796791549298586,2.01836134458438,2.0179777866799746,2.7926230333665973,1.243332539993352,1.5872115656993242,1.9002322653285342,1.2741908660701142,0.25072754329796654,0.4307662209806504,-0.1800386776826839,-0.140326203559475,-0.3203648812421589,0.7227523042861792,0.8923907680380632,-0.16963846375188396,0.27307917978183216,0.1034407160299482,-0.22129721769024613,-0.03085832607676231,-0.19043889161348382,-0.5537315869007822,-0.744170478514266
Gemma 3 4B,relational_followups_distance_v1:confirmatory:0013,2.7353088862742236,2.451547581504593,3.019070191043854,1.4317774118206157,1.9197276534007512,0.9438271702404801,3.1159303452986564,4.562110211447192,1.669750479150121,2.138317604258451,3.6602759902261894,0.6163592182907127,1.303531474453608,0.9776127410402053,0.3259187334134026,0.3806214590244328,0.7065401924378354,0.5318199281038418,0.9018342212210024,-0.3700142931171606,2.110562629942599,1.7405483368254382,2.075243020803374,1.0533912608594083,1.0218517599439658,-1.3493197118937332,-0.3274679519497674
Gemma 3 4B,relational_followups_distance_v1:confirmatory:0014,2.46058819667948,2.249729680514895,2.671446712844065,1.7086437980897147,1.6637810110558622,1.7535065851235672,2.7013920035715024,2.904584072068214,2.4981999350747914,2.5931568092552397,2.9710411376751376,2.215272480835342,0.7519443985897651,0.10823519431626272,0.6437092042735024,0.24080380689202263,0.884513011165525,0.5859486694590328,-0.06645706560692366,0.6524057350659564,0.6548543915533189,1.3072601266192754,0.9179401277204979,0.28292745423944954,0.6350126734810484,-0.17324677776927366,0.46176589571177473
Gemma 3 4B,relational_followups_distance_v1:confirmatory:0015,1.5143823029385124,2.093759732362508,0.9350048735145169,0.14490459238015463,0.38709624015529,-0.09728705539498073,2.0209541330794742,1.8581433233985933,2.183764942760355,2.128568140437585,2.7799537221167476,1.4771825587584226,1.3694777105583578,-0.10761400735811089,1.4770917179164686,0.5065718301409619,1.9836635480574305,1.706663492207218,-0.9218103987181543,2.628473890925372,-0.23561640896391456,2.3928574819614576,1.0322919289094976,0.7065823840019325,0.3257095449075651,1.2487600692458383,1.5744696141534034
Gemma 3 4B,relational_followups_distance_v1:confirmatory:0016,2.526980541141288,2.5167190817812886,2.537242000501287,2.1586527361913976,2.221752981707298,2.095552490675497,2.465547428774557,2.577403921498086,2.353690936051028,2.509314038403743,2.6697542151340423,2.348873861673444,0.36832780494989015,-0.04376660962918599,0.41209441457907614,-0.06143311236673066,0.3506613022123455,0.2949661000739905,-0.09235029363595615,0.38731639370994664,0.06068483971679761,0.44800123342674425,0.4416895098257898,0.004817074377584163,0.43687243544820564,-0.18355106445025893,0.2533213709979467
Gemma 3 4B,relational_followups_distance_v1:confirmatory:0017,2.887007803506626,3.143276948555955,2.6307386584572967,1.6947484222760174,1.9232193314415884,1.4662775131104464,2.6534131333345514,3.658261776889815,1.6485644897792877,2.708101044524458,3.364134870583963,2.052067218464953,1.1922593812306084,-0.05468791118990657,1.246947292420515,-0.23359467017207436,1.0133526222484406,1.2200576171143664,0.29412690630585203,0.9259307108085144,0.5149848283338603,1.4409155391423747,1.1644611453468503,-0.40350272868566517,1.5679638740325155,-0.982174168678009,0.5857897053545065
Gemma 3 4B,relational_followups_distance_v1:confirmatory:0018,1.7327074471734947,1.5088611463492176,1.9565537479977717,2.101325050221881,2.169472436408209,2.033177664035553,4.172184226574423,3.9114431236315728,4.432925329517273,3.9545832007967143,4.210051027611764,3.6991153739816642,-0.3686176030483863,0.21760102577770857,-0.5862186288260949,2.439476779400928,1.8532581505748333,-0.6606112900589913,-0.29860790398019166,-0.36200338607879967,2.402581977282355,2.0405785912035554,-0.07662391603778129,0.7338099555356088,-0.8104338715733901,2.4763715815195013,1.6659377099461112
Gemma 3 4B,relational_followups_distance_v1:confirmatory:0019,1.664746047564507,1.2080155902038108,2.1214765049252033,1.3569622496002003,1.4909212398340923,1.2230032593663083,2.9935745831915215,3.420225175277098,2.5669239911059445,3.049419711075121,3.783543834930506,2.315295587219736,0.30778379796430677,-0.05584512788359941,0.3636289258479062,1.3288285356270144,1.6924574614749206,-0.28290564963028153,-0.3633186596534079,0.0804130100231264,2.2122095850732872,2.2926225950964136,0.8984732455588951,0.25162840388620866,0.6468448416726864,0.44544748618074115,1.0922923278534276
Gemma 3 4B,relational_followups_distance_v1:confirmatory:0020,2.28299159628416,2.2152395120613475,2.3507436805069712,1.6520089845677042,2.43375146198031,0.8702665071550983,2.029771714623984,2.391271584426215,1.6682718448217542,2.075426654380459,3.1495162352264545,1.0013370735344633,0.6309826117164556,-0.04565493975647472,0.6766375514729304,-0.2532198816601756,0.42341766981275475,-0.2185119499189625,-0.7582446508002394,0.5397327008812769,0.17603207236486762,0.7157647732461445,1.480477173351873,0.6669347712872908,0.8135424020645821,-0.6824718356852171,0.13107056637936498
Gemma 3 4B,relational_followups_distance_v1:confirmatory:0021,1.5702993825774507,1.7077439403995105,1.432854824755391,0.9941508247293371,1.2674187415695757,0.7208829078890986,1.367921032755607,1.9813803666960021,0.754461698815212,1.9195311381423643,2.164405227196958,1.6746570490877701,0.5761485578481136,-0.5516101053867573,1.1277586632348708,-0.20237834982184366,0.9253803134130272,0.4403251988299348,-0.1830248605009559,0.6233500593308907,0.27363642629649165,0.8969864856273824,0.7119719168662924,-0.9201953502725582,1.6321672671388505,-0.678393125940179,0.9537741411986715
Gemma 3 4B,relational_followups_distance_v1:confirmatory:0022,2.5834316641914414,2.4187484875180036,2.7481148408648792,2.3470485295793977,2.4624416365694373,2.231655422589358,2.9645341746786444,2.992874883030588,2.936193466326701,2.5540312222738635,2.8798394482238443,2.2282229963238827,0.23638313461204374,0.41050295240478096,-0.17411981779273722,0.381102510487203,0.2069826926944658,-0.04369314905143362,0.1130354348067435,-0.15672858385817712,0.5741263955125842,0.41739781165440704,0.5164594182755211,0.7079704700028184,-0.19151105172729732,0.18807862546182186,-0.0034324262654754634
Gemma 3 4B,relational_followups_distance_v1:confirmatory:0023,1.5324032850962377,1.7967477046319589,1.2680588655605165,1.764747808836419,2.4211742551541944,1.1083213625186437,2.5018509486707736,3.1703352432814036,1.8333666540601437,2.141227962170974,2.582902185157595,1.6995537391843536,-0.23234452374018133,0.3606229864997994,-0.5929675102399807,0.9694476635745359,0.3764801533345552,-0.6244265505222355,0.5874330581238087,-1.2118596086460443,1.3735875386494447,0.16172793000340047,0.15973750304187284,0.13381291487579006,0.025924588166082785,0.5653077884996272,0.5912323766657099
Gemma 3 4B,relational_followups_distance_v1:confirmatory:0024,0.8789518016050537,1.068131934363807,0.6897716688463005,0.6325592073335562,0.5118108388926617,0.7533075757744507,1.2102105312602691,2.2682324007508745,0.15218866176966372,1.2461082607206366,1.8824254101643412,0.6097911112769321,0.2463925942714975,-0.03589772946036751,0.282290323731865,0.3312587296552154,0.6135490533870804,0.5563210954711453,0.38580699058653334,0.17051410488461194,1.2001004663870676,1.3706145712716795,-0.06353590692815025,-0.45760244950726836,0.3940665425791181,-0.5375830070766368,-0.14351646449751865
Gemma 3 4B,relational_followups_distance_v1:confirmatory:0025,2.141162565866855,2.0971839382081754,2.1851411935255354,1.9607005528727415,2.1806957637436115,1.7407053420018714,2.278076446966819,3.203781624124287,1.3523712698093506,2.3318707061164785,2.7749862568025594,1.888755155430398,0.18046201299411369,-0.05379425914965941,0.2342562721437731,0.13691388109996394,0.37117015324373703,-0.08351182553543612,0.42879536732172774,-0.5123071928571639,1.1065976859161117,0.5942904930589479,0.44443585152366394,-0.5363838856210474,0.9808197371447114,-0.8327699237161847,0.14804981342852663
Gemma 3 4B,relational_followups_distance_v1:confirmatory:0026,1.6900836431024104,1.4511872261285346,1.9289800600762863,2.263873097688439,1.9839556688330422,2.5437905265438356,2.4405247299914437,2.9877088765745885,1.8933405834082988,3.0684778826342836,3.868886674856194,2.2680690904123733,-0.5737894545860285,-0.6279531526428399,0.05416369805681143,0.7504410868890332,0.8046047849458446,-0.5327684427045076,-0.8811777982816054,0.34840935557709773,1.536521650446054,1.8849310060231517,-0.6148104664675493,-0.37472850700407445,-0.24008195946347488,-0.0356394766679875,-0.2757214361314624
Gemma 3 4B,relational_followups_distance_v1:confirmatory:0027,1.4173126797202635,0.9453514609996247,1.8892738984409023,1.264151338971979,1.1411859747649151,1.3871167031790428,1.5641841385179265,2.3261977836654486,0.8021704933704044,2.246432473188402,3.1158123731318783,1.3770525732449252,0.15316134074828458,-0.6822483346704753,0.8354096754187599,0.14687145879766295,0.9822811342164228,-0.19583451376529037,-0.7896145894664297,0.5937800757011393,1.3808463226658239,1.9746263983669632,0.5021571952618595,-0.5748820798745209,1.0770392751363804,-1.087103405070498,-0.010064129934117538
Gemma 3 4B,relational_followups_distance_v1:confirmatory:0028,2.5896431896601375,2.704666929491998,2.474619449828277,2.6098309912154196,2.256816766594839,2.9628452158360004,3.1442101881787856,3.4878171568610794,2.800603219496492,2.8150913120435823,3.676449108214454,1.9537335158727105,-0.020187801555282103,0.3291188761352033,-0.3493066776904854,0.5545669985186481,0.2052603208281627,0.4478501628971592,-0.18863195135337474,0.6364821142505339,0.7831502273690814,1.4196323416196153,-0.4882257660077234,0.8468697036237813,-1.3350954696315047,0.32598376966821485,-1.0091116999632899
Gemma 3 4B,relational_followups_distance_v1:confirmatory:0029,2.0960999346219453,2.564544055683197,1.6276558135606933,1.6185260569785782,1.9169241750312063,1.3201279389259502,2.0198301075957126,3.290487696559123,0.7491725186323026,1.5837132125751487,2.3049821916444695,0.8624442335058284,0.4775738776433671,0.43611689502056383,0.041456982622803284,-0.07626982702623275,-0.034812844403429466,0.6476198806519906,0.9855055049146535,-0.3378856242626629,0.7259436408759261,0.3880580166132632,0.3075278746347432,-0.11327171487352583,0.420799589508269,-0.8784832949283907,-0.4576837054201217
Gemma 3 4B,relational_followups_distance_v1:confirmatory:0030,2.4519144559977804,2.9387162138249536,1.965112698170607,1.8020171758199277,2.7270749342931238,0.8769594173467317,2.9122017229100012,3.1859130252838455,2.638490420536157,2.4517628450872113,2.9157634263068726,1.98776226386755,0.6498972801778526,0.4604388778227899,0.18945840235506273,0.4602872669122209,0.6497456692672836,0.21164127953182987,0.2701495989769729,-0.05850831944514301,0.24719681145889183,0.18868849201374882,1.0881532808238754,0.650728156668607,0.43742512415526846,0.6733777223655499,1.1108028465208184
Gemma 3 4B,relational_followups_distance_v1:confirmatory:0031,1.5476034880695884,2.051443011338308,1.0437639648008687,1.9291005156415806,2.047833738038687,1.8103672932444743,2.642763638118359,3.0966720026941355,2.188855273542582,2.2365468694468387,2.7947309746170856,1.6783627642765913,-0.3814970275719922,0.40621676867152035,-0.7877137962435126,1.0951601500487707,0.3074463538052581,0.0036092732996211296,0.3019410280770498,-0.2983317547774287,1.0452289913558275,0.7468972365783988,-0.7666033284436056,0.5104925092659909,-1.2770958377095964,1.1450913087417134,-0.13200452896788306
Gemma 3 4B,relational_followups_distance_v1:confirmatory:0032,1.200549464421718,1.3677270044860323,1.0333719243574038,0.8848824778929529,1.1325727726890333,0.6371921830968725,1.0046702306215156,1.873780410291304,0.13556005095172718,0.8189313171913004,1.5046654488494822,0.13319718553311866,0.3156669865287651,0.1857389134302152,0.12992807309854992,-0.19587923380020245,-0.06595116070165252,0.235154231796999,0.3691149614418219,-0.13396072964482286,0.5060534058052717,0.37209267616044883,0.39617974126053124,0.0023628654186085285,0.3938168758419227,-0.8978118734056766,-0.5039949975637539
Gemma 3 4B,relational_followups_distance_v1:confirmatory:0033,2.7161444425452457,2.964229549361236,2.4680593357292553,3.162127940194741,3.8413004246318048,2.4829554557576774,3.074958010520942,3.725711066077201,2.424204954964683,2.923741440668178,3.952531809386982,1.8949510719493743,-0.4459834976494954,0.15121656985276388,-0.5972000675022593,0.3588135679756963,-0.238386499526563,-0.8770708752705687,-0.22682074330978086,-0.6502501319607878,0.761481516715965,0.11123138475517713,-0.01489612002842211,0.5292538830153086,-0.5441500030437307,-0.043854380764572376,-0.5880043838083031
Gemma 3 4B,relational_followups_distance_v1:confirmatory:0034,0.652260057329751,0.5589156793296821,0.7456044353298199,1.4672076245458374,1.6402008351379003,1.2942144139537746,3.264474655393593,3.1730886545572856,3.3558606562299005,3.427761108957338,3.711016980272264,3.1445052376424125,-0.8149475672160864,-0.16328645356374505,-0.6516611136523414,2.612214598063842,1.9605534844115007,-1.0812851558082182,-0.5379283257149785,-0.5433568300932397,2.6141729752276035,2.070816145134364,-0.5486099786239547,0.21135541858748796,-0.7599653972114426,2.6102562209000806,1.850290823688638
Gemma 3 4B,relational_followups_distance_v1:confirmatory:0035,1.1326225486167831,1.2409253464594245,1.0243197507741417,1.3194848137207678,1.975725027780852,0.6632445996606835,2.5146981087175697,2.809695299083624,2.2197009183515153,2.0263890731139087,2.105000753062898,1.9477773931649196,-0.18686226510398463,0.488309035603661,-0.6751713007076456,1.3820755601007866,0.7069042593931409,-0.7347996813214275,0.7046945460207263,-1.4394942273421538,1.5687699526241996,0.12927572528204578,0.3610751511134582,0.2719235251865957,0.08915162592686254,1.1953811675773736,1.284532793504236
Gemma 3 4B,relational_followups_distance_v1:confirmatory:0036,1.5401315711864894,1.8810940120576296,1.199169130315349,0.882503329495242,1.4278543031619968,0.33715235582848724,0.950234158789514,1.6337479390139205,0.26672037856510755,1.731609689278783,2.329234789826573,1.1339845887309927,0.6576282416912473,-0.7813755304892689,1.4390037721805162,-0.5898974123969754,0.8491063597835409,0.4532397088956328,-0.6954868508126526,1.1487265597082854,-0.24734607304370915,0.9013804866645763,0.8620167744868619,-0.8672642101658852,1.729280984652747,-0.9324487517502416,0.7968322329025055
Gemma 3 4B,relational_followups_distance_v1:confirmatory:0037,2.131499719844366,2.243614423372233,2.0193850163164995,1.4886606646674743,2.1433273127595838,0.8339940165753648,1.342531831252595,1.8718567719909016,0.8132068905142882,1.2495465747422485,2.105585313204222,0.39350783628027486,0.6428390551768919,0.09298525651034639,0.5498537986665455,-0.7889678885917712,-0.23911408992522576,0.10028711061264906,-0.23372854121332054,0.3340156518259696,-0.3717576513813312,-0.037741999555361616,1.1853909997411347,0.4196990542340133,0.7656919455071214,-1.2061781258022113,-0.4404861802950899
Gemma 3 4B,relational_followups_distance_v1:confirmatory:0038,1.071494649527735,1.9062646700237362,0.23672462903173397,0.4746614839946832,0.4738505943753406,0.47547237361402583,1.2058994572182957,1.2245145132749684,1.187284401161623,1.2803083901945338,1.6494790613812391,0.9111377190078285,0.5968331655330519,-0.07440893297623807,0.67124209850929,0.13440480769056062,0.8056469061998506,1.4324140756483956,-0.4249645481062707,1.8573786237546663,-0.6817501567487678,1.1756284670058985,-0.23874774458229187,0.27614668215379456,-0.5148944267360864,0.9505597721298891,0.43566534539380264
Gemma 3 4B,relational_followups_distance_v1:confirmatory:0039,1.600449276689727,2.014840653245461,1.186057900133993,1.032635049102478,1.262222506808997,0.8030475913959592,1.9760330424403199,2.472482448445752,1.4795836364348873,2.523185087018339,2.4571691956315913,2.5892009784050867,0.5678142275872489,-0.5471520445780191,1.114966272165268,0.37558376575059294,1.490550037915861,0.7526181464364639,0.015313252814160627,0.7373048936223032,0.45764179520029113,1.1949466888225944,0.3830103087380339,-1.1096173419701993,1.4926276507082332,0.2935257363008943,1.7861533870091275
Gemma 3 4B,relational_followups_distance_v1:confirmatory:0040,2.1633700742777227,2.162150841693757,2.1645893068616884,1.828441362544047,1.5476171963747234,2.1092655287133706,2.814461301279799,3.1456009851664573,2.4833216173931407,2.5713869603183777,2.699617838431164,2.443156082205591,0.33492871173367567,0.24307434096142133,0.09185437077225433,0.6510912270020763,0.7429455977743307,0.6145336453190335,0.44598314673529327,0.16855049858374027,0.9834501434727003,1.1520006420564406,0.05532377814831779,0.04016553518754984,0.015158242960767954,0.31873231053145235,0.3338905534922203
Gemma 3 4B,relational_followups_distance_v1:confirmatory:0041,2.4891631470944002,1.8616963167358564,3.116629977452944,1.779821624243505,2.1119481786871415,1.4476950697998685,2.588888316665209,2.9777424863592725,2.200034146971146,2.8499705924972583,3.98291497298764,1.7170262120068767,0.7093415228508952,-0.26108227583204924,0.9704237986829445,0.09972516957080879,1.0701489682537533,-0.250251861951285,-1.0051724866283673,0.7549206246770823,1.116046169623416,1.8709667943004984,1.6689349076530755,0.4830079349642693,1.1859269726888062,-0.916595830481798,0.26933114220700816
Gemma 3 4B,relational_followups_distance_v1:confirmatory:0042,1.9140627946443471,1.73556571778159,2.0925598715071043,1.4756489884393962,1.245051813570866,1.7062461633079264,2.1501912022013836,2.23999940730468,2.0603829970980874,2.521909627276088,3.041901554132804,2.001917700419372,0.43841380620495096,-0.3717184250747043,0.8101322312796553,0.23612840755703646,1.0462606388366917,0.49051390421072405,-0.801902146828124,1.292416051038848,0.5044336895230899,1.796849740561938,0.3863137081991779,0.05846529667871536,0.3278484115204625,-0.03217687440901695,0.29567153711144556
Gemma 3 4B,relational_followups_distance_v1:confirmatory:0043,0.9203902871727032,0.015869553697561045,1.8249110206478454,1.8046170531395984,1.720651769797123,1.8885823364820737,2.7362778708011737,2.8902485431075786,2.5823071984947683,3.359420664888212,3.5947594067006436,3.12408192307578,-0.8842267659668952,-0.6231427940870384,-0.26108397187985677,1.8158875836284705,1.5548036117486137,-1.704782216099562,-0.704510863593065,-1.000271352506497,2.8743789894100176,1.8741076369035206,-0.06367131583422836,-0.5417747245810118,0.4781034087467835,0.7573961778469229,1.2354995865937064
Gemma 3 4B,relational_followups_distance_v1:confirmatory:0044,2.326732716073842,2.839449545808108,1.8140158863395754,1.5320380777052742,1.719628125788466,1.3444480296220824,2.1022144561314264,2.9151948762215207,1.2892340360413321,1.9729941621485723,2.7204806253232565,1.225507698973888,0.7946946383685676,0.12922029398285417,0.6654743443857134,-0.22451825994241537,0.44095608444329804,1.1198214200196421,0.19471425089826422,0.9251071691213779,0.07574533041341258,1.0008524995347905,0.469567856717493,0.06372633706744413,0.4058415196500489,-0.5247818502982433,-0.11894033064819443
Gemma 3 4B,relational_followups_distance_v1:confirmatory:0045,2.493982494293258,2.651288717203922,2.3366762713825935,1.9905007986455536,2.064579700054553,1.916421897236554,3.1896709317413245,3.4041816747785747,2.9751601887040744,2.6049380138823843,2.910871615736701,2.2990044120280677,0.5034816956477042,0.5847329178589402,-0.08125122221123604,0.6956884374480667,0.6144372152368307,0.586709017149369,0.49331005904187375,0.09339895810749521,0.7528929575746526,0.8462919156821478,0.4202543741460394,0.6761557766760067,-0.2559014025299673,0.6384839173214809,0.3825825147915136
Gemma 3 4B,relational_followups_distance_v1:confirmatory:0046,1.3067266728932738,2.296343180092191,0.31711016569435646,1.693274816795077,1.1339364066059208,2.2526132269842334,1.578258538988293,1.8735920008231197,1.2829250771534664,1.6007603885629642,1.483788703145172,1.7177320739807564,-0.38654814390180325,-0.022501849574671162,-0.3640462943271321,0.2715318660950192,-0.09251442823211287,1.1624067734862704,0.38980329767794775,0.7726034758083227,-0.42275117926907146,0.3498522965392512,-1.935503061289877,-0.43480699682729007,-1.5006960644625869,0.9658149114591099,-0.5348811530034769
Gemma 3 4B,relational_followups_distance_v1:confirmatory:0047,2.490643654345913,3.055649039935634,1.9256382687561917,2.315849944715566,2.675443919315728,1.9562559701154036,3.037624858197584,3.0124057012532783,3.0628440151418896,2.742435302359507,2.938376139933488,2.5464944647855265,0.17479370963034713,0.29518955583807704,-0.12039584620772992,0.5469812038516713,0.42658535764394134,0.3802051206199062,0.07402956131979055,0.30617555930011564,-0.04324333868235586,0.2629322206177598,-0.030617701359211935,0.5163495503563631,-0.546967251715575,1.137205746385698,0.5902384946701229
Gemma 3 4B,relational_followups_distance_v1:confirmatory:0048,1.5642958626588692,1.5254072868619213,1.6031844384558172,1.0695590459436097,1.1209754889677086,1.0181426029195109,1.6681927100519207,2.3960348631286754,0.940350556975166,1.5694508151374853,2.2980441194282495,0.8408575108467211,0.4947368167152595,0.09874189491443541,0.3959949218008241,0.1038968473930515,0.49989176919387557,0.4044317978942127,0.09799074370042593,0.30644105419378675,0.8706275762667541,1.1770686304605409,0.5850418355363063,0.0994930461284449,0.4855487894078614,-0.6628338814806511,-0.17728509207278975
Gemma 3 4B,relational_followups_distance_v1:confirmatory:0049,1.9756934118110356,1.741381997362149,2.2100048262599223,1.0109343636176908,1.4508616007456139,0.5710071264897678,2.100164041024044,3.0966129880283377,1.10371509401975,1.779131906429655,3.064634797685387,0.4936290151739229,0.9647590481933448,0.3210321345943892,0.6437269135989556,0.12447062921300844,0.7681975428119641,0.29052039661653506,0.031978190342950796,0.25854220627358426,1.3552309906661888,1.613773196939773,1.6389976997701545,0.6100860788458271,1.0289116209243274,-1.1062897322401724,-0.07737811131584493
Gemma 3 4B,relational_followups_distance_v1:confirmatory:0050,1.018156987272322,0.6585748731051391,1.3777391014395048,0.9532776382494386,0.4837857061515507,1.4227695703473264,2.6100423983344103,3.010755719577908,2.2093290770909126,2.761947777704852,3.678228919123919,1.8456666362857845,0.06487934902288339,-0.15190537937044146,0.21678472839332485,1.5918854110620884,1.8086701394554132,0.17478916695358837,-0.667473199546011,0.8422623664995994,2.352180846472769,3.1944432129723683,-0.045030468907821586,0.3636624408051281,-0.4086929097129497,0.8315899756514078,0.4228970659384581
Gemma 3 4B,relational_followups_distance_v1:confirmatory:0051,1.2604721009318705,0.8158287758910419,1.705115425972699,1.2073545401139425,2.1748872929011105,0.2398217873267745,2.3289183869714374,3.1411624896229213,1.5166742843199534,2.3551326850751897,3.3319388970467694,1.37832647310361,0.053117560817927956,-0.02621429810375231,0.07933185892168026,1.068446286039567,1.1477781449612472,-1.3590585170100686,-0.19077640742384805,-1.1682821095862206,2.3253337137318795,1.1570516041456589,1.4652936386459245,0.13834781121634343,1.3269458274295811,-0.18844114165274561,1.1385046857768355
Gemma 3 4B,relational_followups_distance_v1:confirmatory:0052,1.3682368758876793,1.659132600506564,1.0773411512687945,1.0752303524994749,1.0979402409351326,1.052520464063817,2.761278554835311,4.218247666063242,1.30430944360738,1.963800844385867,2.3887697631808686,1.5388319255908653,0.29300652338820443,0.7974777104494439,-0.5044711870612395,1.3930416789476316,0.8885704918863921,0.5611923595714314,1.829477902882373,-1.2682855433109417,2.5591150655566777,1.290829522245736,0.024820687204977432,-0.23452248198348524,0.2593431691884627,0.22696829233858562,0.4863114615270483
Gemma 3 4B,relational_followups_distance_v1:confirmatory:0053,2.1210775353973363,1.8400878248196837,2.4020672459749886,1.6875664726865631,0.9671151199908063,2.40801782538232,1.9021524052967629,2.339186740003867,1.465118070589659,2.1723497733897528,2.900344226696724,1.4443553200827814,0.4335110627107732,-0.2701973680929899,0.7037084308037631,-0.21892513010057346,0.48478330070318965,0.8729727048288773,-0.5611574866928573,1.4341301915217346,0.49909891518418315,1.9332291067059177,-0.005950579407331347,0.02076275050687748,-0.026713329914208828,-0.9369491753853296,-0.9636625052995385
Gemma 3 4B,relational_followups_distance_v1:confirmatory:0054,2.8618311653852295,3.270772059510664,2.452890271259795,2.2639562957475667,2.8522340685857364,1.6756785229093971,2.755036051326078,2.9492280058492435,2.5608440968029127,2.904716214130393,3.5949409368546714,2.2144914914061147,0.5978748696376628,-0.14968016280431495,0.7475550324419777,-0.10679511405915143,0.6407599183828263,0.4185379909249276,-0.6457129310054279,1.0642509219303555,-0.32154405366142047,0.7427068682689351,0.777211748350398,0.346352605396798,0.43085914295359995,0.10795382554311761,0.5388129684967176
Gemma 3 4B,relational_followups_distance_v1:confirmatory:0055,2.1290748071021532,2.8281958480970975,1.429953766107209,1.3283144164480793,1.2016993928299904,1.4549294400661683,2.0148387099847445,2.0754886982410614,1.9541887217284275,1.606695510673672,1.8289611501622902,1.3844298711850538,0.8007603906540739,0.40814319931107246,0.39261719134300144,-0.11423609711740879,0.27838109422559265,1.626496455267107,0.2465275480787712,1.3799689071883359,-0.752707149856036,0.6272617573322998,-0.024975673958959277,0.5697588505433737,-0.594734524502333,0.5242349556212185,-0.07049956888111453
Gemma 3 4B,relational_followups_distance_v1:confirmatory:0056,1.9646388757200501,2.334526328985895,1.5947514224542054,1.3528047257159828,1.8830139825204544,0.8225954689115111,2.2112693693379852,2.576551253282645,1.8459874853933256,2.4312665827316406,3.4869822694072967,1.3755508960559846,0.6118341500040674,-0.2199972133936554,0.8318313633977228,0.2466304936179351,1.0784618570156579,0.4515123464654405,-0.9104310161246518,1.3619433625900923,0.24202492429675004,1.6039682868868423,0.7721559535426943,0.470436589337341,0.3017193642053533,0.25123606293912015,0.5529554271444734
Gemma 3 4B,relational_followups_distance_v1:confirmatory:0057,1.6943756988630705,1.8134580990800897,1.5752932986460513,1.1568485138776667,1.0638849103051697,1.2498121174501637,2.318881914758944,2.7801835675308153,1.8575802619870725,2.8050182679873648,3.516096483081416,2.0939400528933136,0.5375271849854037,-0.48613635322842086,1.0236635382138246,0.6245062158958734,1.648169754109698,0.74957318877492,-0.7359129155506006,1.4854861043255205,0.9667254684507256,2.452211572776246,0.32548118119588754,-0.23635979090624115,0.5618409721021287,0.2822869633410212,0.8441279354431499
Gemma 3 4B,relational_followups_distance_v1:confirmatory:0058,1.6217610095607151,1.4004647301882187,1.8430572889332115,1.3629604048921187,1.3757044353743524,1.350216374409885,2.169472088976614,2.6844267974210543,1.6545173805321731,2.660629818066916,3.1113111020069457,2.2099485341268865,0.25880060466859645,-0.4911577290903022,0.7499583337588986,0.5477110794158988,1.2976694131747974,0.024760294813866324,-0.42688430458589144,0.45164459939975776,1.2839620672328356,1.7356066666325933,0.49284091452332657,-0.5554311535947134,1.04827206811804,-0.1885399084010384,0.8597321597170016
Gemma 3 4B,relational_followups_distance_v1:confirmatory:0059,2.332572718109361,2.1210128997366313,2.544132536482091,2.3184144170461165,2.8226744290858203,1.8141544050064127,2.7404531230613136,2.9190752672502676,2.5618309788723597,3.594594195492918,3.8263786378206186,3.3628097531652177,0.014158301063244672,-0.8541410724316045,0.8682993734948492,0.40788040495195244,1.2761797784468016,-0.701661529349189,-0.907303370570351,0.20564184122116203,0.7980623675136362,1.0037042087347983,0.7299781314756784,-0.800978774292858,1.5309569057685364,0.01769844239026863,1.548655348158805
Gemma 3 4B,relational_followups_distance_v1:confirmatory:0060,1.8502365371497889,1.9426562775399905,1.7578167967595872,2.306477620618642,2.4369630878201187,2.175992153417165,2.152619698161954,3.354553981662376,0.9506854146615318,2.4318793023410663,3.14253655540207,1.7212220492800627,-0.45624108346885306,-0.2792596041791122,-0.17698147928974084,0.3023831610121652,0.12540168172242439,-0.49430681028012824,0.21201742626030606,-0.7063242365404343,1.4118977041223855,0.7055734675819512,-0.4181753566575779,-0.770536634618531,0.35236127796095307,-0.8071313820980555,-0.4547701041371024
Gemma 3 4B,relational_followups_distance_v1:confirmatory:0061,2.7962777137180908,2.8234298190238105,2.769125608412371,1.8563257765693977,2.610517481145311,1.1021340719934845,2.0162614503763425,2.8901873993060025,1.1423355014466825,2.2495463766993904,2.7667263716006207,1.73236638179816,0.9399519371486931,-0.23328492632304787,1.173236863471741,-0.7800162633417482,0.3932206001299927,0.2129123378784996,0.12346102770538181,0.0894513101731178,0.06675758028219203,0.15620889045530983,1.6669915364188865,-0.5900308803514775,2.257022416770364,-1.6267901069656885,0.6302323098046756
Gemma 3 4B,relational_followups_distance_v1:confirmatory:0062,2.7760747259686775,3.158247975723156,2.3939014762141992,2.2842131159655463,2.264151105973851,2.3042751259572416,2.8655128590302987,3.2639755617833908,2.4670501562772067,2.6821080476494994,3.171458552737933,2.1927575425610657,0.4918616100031312,0.18340481138079934,0.3084567986223319,0.08943813306162118,0.39789493168395307,0.8940968697493048,0.09251700904545768,0.8015798607038471,0.10572758606023491,0.907307446764082,0.08962635025695764,0.274292613716141,-0.18466626345918336,0.07314868006300745,-0.1115175833961759
Gemma 3 4B,relational_followups_distance_v1:confirmatory:0063,3.925700428520561,3.888211127448849,3.9631897295922727,3.5858383534561686,3.689688119101312,3.481988587811025,3.9301619563237384,4.092665317086243,3.7676585955612336,4.2997739825916454,5.032747481365123,3.566800483818168,0.33986207506439214,-0.369612026267907,0.7094741013322992,0.004461527803177656,0.7139356291354768,0.1985230083475371,-0.9400821642788806,1.1386051726264177,0.20445418963739392,1.3430593622638116,0.4812011417812476,0.20085811174306567,0.28034303003818195,-0.19553113403103906,0.0848118960071429
Gemma 3 4B,relational_followups_distance_v1:confirmatory:0064,1.703778113833805,2.057811905466121,1.3497443222014893,1.2406621810489766,1.0160706818988814,1.4652536801990719,3.7490530577660754,4.924943172602232,2.5731629429299185,3.679270999190889,3.9958691165942577,3.36267288178752,0.46311593278482843,0.06978205857518649,0.39333387420964194,2.04527494393227,2.4386088181419123,1.0417412235672394,0.9290740560079742,0.1126671675592652,2.867131267136111,2.9797984346953763,-0.11550935799758255,-0.7895099388576017,0.6740005808600191,1.2234186207284292,1.8974192015884483
Gemma 3 4B,relational_followups_distance_v1:confirmatory:0065,2.4006252332846936,2.1221203091850143,2.679130157384373,1.3573174273759014,1.4682836782190076,1.2463511765327953,2.155116389527753,2.396492264062611,1.9137405149928952,2.853136149018873,2.6809836702393337,3.025288627798412,1.0433078059087921,-0.6980197594911197,1.7413275653999118,-0.24550884375694038,1.4958187216429715,0.6538366309660066,-0.2844914061767225,0.9383280371427292,0.2743719548775969,1.212699992020326,1.4327789808515776,-1.111548112805517,2.5443270936570945,-0.7653896423914777,1.7789374512656169
Gemma 3 4B,relational_followups_distance_v1:confirmatory:0066,3.007226891745464,2.8913190856738877,3.12313469781704,2.1313314736255347,2.1264882344591074,2.136174712791962,3.192168327127851,3.5661190892696206,2.8182175649860826,3.8283228374793428,5.164012775273592,2.492632899685094,0.8758954181199292,-0.6361545103514916,1.5120499284714208,0.18494143538238728,1.696991363853808,0.7648308512147803,-1.597893686003971,2.3627245372187513,0.6748000035957329,3.037524540814484,0.9869599850250781,0.3255846653009886,0.6613753197240895,-0.30491713283095745,0.356458186893132
Gemma 3 4B,relational_followups_distance_v1:confirmatory:0067,1.672621610137486,1.793880116487578,1.551363103787394,1.7428383665543694,2.0906867554817756,1.3949899776269632,2.9949138187789073,2.6350691469770307,3.3547584905807843,2.6361927988027904,2.8366286791662034,2.435756918439377,-0.07021675641688341,0.35872101997611683,-0.42893777639300024,1.3222922086414213,0.893354432248421,-0.2968066389941977,-0.20155953218917277,-0.0952471068050249,0.8411890304894527,0.7459419236844278,0.15637312616043086,0.9190015721414073,-0.7626284459809765,1.8033953867933903,1.0407669408124138
Gemma 3 4B,relational_followups_distance_v1:confirmatory:0068,1.2439303742245822,0.9924028702076648,1.4954578782415,1.7721371821602432,1.7883333304323479,1.7559410338881385,1.9648938098481143,2.516833625027459,1.4129539946687695,1.2147646109591,1.693294520743506,0.7362347011746939,-0.528206807935661,0.7501291988890144,-1.2783360068246754,0.7209634356235322,-0.5573725712011433,-0.7959304602246831,0.8235391042839533,-1.6194695645086363,1.5244307548197944,-0.09503880968884193,-0.2604831556466385,0.6767192934940756,-0.937202449140714,-0.08250388357273053,-1.0197063327134446
Gemma 3 4B,relational_followups_distance_v1:confirmatory:0069,2.5950655325810703,3.486062327122525,1.7040687380396156,2.0341210087319714,2.7165099388354967,1.3517320786284461,2.7542962718926516,4.135633289328149,1.3729592544571538,2.5986028168828503,3.0699515040808487,2.127254129684852,0.5609445238490989,0.15569345500980125,0.4052510688392976,0.15923073931158127,0.5644818081508789,0.7695523882870283,1.0656817852473006,-0.2961293969602723,0.6495709622056243,0.353441565245352,0.35233665941116943,-0.7542948752276981,1.1066315346388675,-0.3311094835824617,0.7755220510564058
Gemma 3 4B,relational_followups_distance_v1:confirmatory:0070,1.5712551897823963,1.4914496709520835,1.6510607086127091,0.641070783142796,0.9244498270925776,0.35769173919301434,1.7459487314707522,1.5604343094169026,1.9314631535246023,1.1111943494976142,1.2204971219311749,1.001891577064053,0.9301844066396003,0.634754381973138,0.2954300246664623,0.17469354168835594,0.4701235663548182,0.5669998438595059,0.33993718748572777,0.2270626563737781,0.06898463846481917,0.29604729483859726,1.2933689694196948,0.9295715764605492,0.3637973929591456,0.28040244491189315,0.6441998378710387
Gemma 3 4B,relational_followups_distance_v1:confirmatory:0071,2.8324683611222308,2.4703796520238424,3.194557070220619,2.274049815402734,2.484928686095789,2.063170944709679,2.24829726328878,2.8729642175744248,1.6236303090031354,2.698629945793378,2.932525401195549,2.4647344903912067,0.5584185457194968,-0.4503326825045977,1.0087512282240945,-0.5841710978334507,0.4245801303906438,-0.014549034071946743,-0.05956118362112406,0.045012149549177316,0.4025845655505824,0.44759671509975973,1.1313861255109403,-0.8411041813880713,1.9724903068990116,-1.5709267612174838,0.40156354568152786
Gemma 3 4B,relational_followups_distance_v1:confirmatory:0072,1.4586437493213487,1.5656592610719282,1.351628237570769,1.6357508546220338,1.9157313114507737,1.355770397793294,1.729030576349133,2.0779941470101164,1.3800670056881494,1.6162684499042164,1.803510359328829,1.4290265404796036,-0.17710710530068519,0.11276212644491657,-0.28986923174560175,0.27038682702778427,-0.01948240471781748,-0.3500720503788455,0.27448378768128734,-0.6245558380601328,0.5123348859381882,-0.1122209521219446,-0.004142160222524893,-0.04895953479145421,0.044817374568929313,0.02843876811738033,0.07325614268630964
Gemma 3 4B,relational_followups_distance_v1:confirmatory:0073,1.5302770151770622,1.6578996863676707,1.4026543439864536,0.9334102847676182,0.9462250858983667,0.9205954836368697,1.8852056653138265,2.011739252568912,1.758672078058741,1.636408565513514,2.1368108015687888,1.1360063294582394,0.5968667304094439,0.2487970998003124,0.34806963060913154,0.35492865013676433,0.7029982807458959,0.711674600469304,-0.12507154899987682,0.8367461494691808,0.35383956620124124,1.190585715670422,0.4820588603495839,0.6226657486005016,-0.14060688825091772,0.35601773407228743,0.2154108458213697
Gemma 3 4B,relational_followups_distance_v1:confirmatory:0074,1.8874214186394371,2.046170386811479,1.7286724504673954,1.492775518558319,1.3614127086982037,1.624138328418434,1.9417197102857773,2.023369250713303,1.8600701698582514,1.9805864536749151,2.414818305803082,1.5463546015467484,0.3946459000811182,-0.03886674338913787,0.4335126434702561,0.05429829164634015,0.48781093511659623,0.6847576781132751,-0.3914490550897787,1.0762067332030538,-0.02280113609817569,1.0534055971048781,0.10453412204896129,0.31371556831150293,-0.20918144626254165,0.13139771939085598,-0.07778372687168567
Gemma 3 4B,relational_followups_distance_v1:confirmatory:0075,0.6047548256298358,-0.018444955404218533,1.2279546066638902,1.0417804298261473,0.7773545800008987,1.3062062796513958,1.8768231316758945,2.2643045708754044,1.4893416924763843,2.517708064370026,2.4027982697800123,2.6326178589600393,-0.4370256041963114,-0.6408849326941315,0.20385932849782007,1.2720683060460587,1.4759276345438788,-0.7957995354051173,-0.13849369890460794,-0.6573058365005093,2.282749526279623,1.6254436897791136,-0.07825167298750557,-1.143276166483655,1.0650244934961495,0.26138708581249404,1.3264115793086435
Gemma 3 4B,relational_followups_distance_v1:confirmatory:0076,3.076296111868751,3.39945476673212,2.7531374570053817,1.8972937189067087,2.8127715659637342,0.9818158718496832,2.314572801358708,3.1715765207217403,1.4575690819956755,2.405607760621178,2.5502409471521066,2.260974574090249,1.1790023929620421,-0.09103495926246996,1.270037352224512,-0.7617233105100429,0.5083140417144691,0.5866832007683858,0.6213355735696338,-0.034652372801248,-0.22787824601037965,-0.26253061881162765,1.7713215851556985,-0.8034054920945737,2.574727077250272,-1.2955683750097062,1.279158702240566
Gemma 3 4B,relational_followups_distance_v1:confirmatory:0077,2.286015882343324,2.599915246380305,1.9721165183063434,2.086922673062449,2.289248312698146,1.8845970334267514,3.096969219196201,3.583015765723192,2.6109226726692096,2.4610521982706386,3.246959796514875,1.6751446000264023,0.19909320928087526,0.6359170209255622,-0.436823811644687,0.8109533368528767,0.37412952520818976,0.3106669336821586,0.33605596920831715,-0.025389035526158565,0.9831005193428872,0.9577114838167287,0.08751948487959194,0.9357780726428073,-0.8482585877632154,0.6388061543628663,-0.20945243340034914
Gemma 3 4B,relational_followups_distance_v1:confirmatory:0078,2.0028499306123475,2.2952261871143076,1.7104736741103874,1.5770403219879503,1.6625427956686893,1.4915378483072113,1.6237521473636276,2.3470594204402127,0.900444874287043,2.2561252576611426,2.876076608247958,1.636173907074327,0.4258096086243972,-0.632373110297515,1.0581827189219122,-0.3790977832487199,0.6790849356731923,0.6326833914456182,-0.5290171878077454,1.1617005792533637,0.05183323332590506,1.2135338125792687,0.21893582580317617,-0.7357290327872841,0.9546648585904602,-0.8100287998233444,0.14463605876711583
Gemma 3 4B,relational_followups_distance_v1:confirmatory:0079,2.3890533165063594,3.04557405564661,1.7325325773661082,2.117821992269778,2.6130090604110983,1.622634924128458,3.0218960623227495,3.0554264910864264,2.9883656335590727,3.099669667315013,2.865123496782502,3.334215837847524,0.27123132423658136,-0.07777360499226349,0.34900492922884485,0.6328427458163901,0.981847675045235,0.43256499523551195,0.1903029943039245,0.24226200093158745,0.009852435439816176,0.2521144363714036,0.10989765323765033,-0.3458502042884515,0.4557478575261018,1.2558330561929645,1.7115809137190663
Gemma 3 4B,relational_followups_distance_v1:confirmatory:0080,2.4443434862411855,1.9647478318537397,2.9239391406286313,1.2721359060486073,1.2913940726883988,1.2528777394088157,2.4207983269233706,2.9605608911185284,1.8810357627282128,2.0749394475751055,2.7263996169130413,1.4234792782371697,1.1722075801925782,0.3458588793482651,0.8263487008443131,-0.023545159317814868,0.8028035415264982,0.6733537591653409,0.23416127420548705,0.43919248495985386,0.9958130592647887,1.4350055442246425,1.6710614012198155,0.45755648449104314,1.2135049167287724,-1.0429033779004184,0.17060153882835394
Gemma 3 4B,relational_followups_distance_v1:confirmatory:0081,1.7723561664203826,2.2846620824277624,1.260050250413003,1.3977260771090814,1.5631358656242753,1.2323162885938874,1.9471675193213613,2.3236725036236034,1.5706625350191192,1.4678197791360708,2.4724651515517886,0.4631744067203529,0.37463008931130126,0.4793477401852906,-0.10471765087398932,0.1748113529009787,0.07009370202698939,0.721526216803487,-0.14879264792818514,0.8703188647316722,0.03901042119584108,0.9093292859275133,0.02773396181911547,1.1074881282987663,-1.0797541664796508,0.31061228460611634,-0.7691418818735345
Gemma 3 4B,relational_followups_distance_v1:confirmatory:0082,2.6860535718785745,2.534042531808554,2.838064611948595,2.571484004201285,1.8993134960954805,3.2436545123070895,3.4179501509454773,3.1804919662885673,3.655408335602387,3.6586351753922624,4.474987368012187,2.8422829827723373,0.11456956767728954,-0.24068502444678508,0.3552545921240746,0.7318965790669028,1.0871511711909774,0.6347290357130735,-1.29449540172362,1.9292244374366936,0.6464494344800134,2.575673871916707,-0.4055899003584944,0.8131253528300499,-1.2187152531885443,0.8173437236537922,-0.4013715295347522
Gemma 3 4B,relational_followups_distance_v1:confirmatory:0083,0.9398791132537843,0.8212546631356306,1.058503563371938,1.486764130849283,1.33925798663046,1.634270275068106,2.9005793322088906,3.9506127029978924,1.850545961419889,2.792921076283992,3.472203563884472,2.113638588683513,-0.5468850175954987,0.10765825592489842,-0.6545432735203971,1.9607002189551064,1.3061569454347093,-0.5180033234948294,0.4784091391134204,-0.9964124626082498,3.129358039862262,2.132945577254012,-0.575766711696168,-0.26309262726362403,-0.31267408443254396,0.792042398047951,0.479368313615407
Gemma 3 4B,relational_followups_distance_v1:confirmatory:0084,3.791131219343386,3.642747671779615,3.9395147669071573,2.1218671553429655,2.243307869557965,2.000426441127966,2.9022248212222683,3.5023863205181223,2.302063321926414,2.170596575515931,2.9029398478280877,1.4382533032037745,1.6692640640004206,0.7316282457063372,0.9376358182940834,-0.8889063981211178,0.048729420172965554,1.39943980222165,0.5994464726900346,0.7999933295316155,-0.14036135126149274,0.6596319782701228,1.939088325779191,0.8638100187226394,1.0752783070565517,-1.6374514449807434,-0.5621731379241917
Gemma 3 4B,relational_followups_distance_v1:confirmatory:0085,2.343883295480398,3.0170337490769477,1.670732841883848,1.7951313765559371,2.1273714375354444,1.4628913155764294,2.018229781022374,3.01553802831505,1.0209215337296982,2.491914319736045,2.8604437192058736,2.1233849202662167,0.5487519189244607,-0.473684538713671,1.0224364576381317,-0.3256535144580237,0.696782943180108,0.8896623115415032,0.15509430910917654,0.7345680024323267,-0.0014957207618975232,0.7330722816704291,0.2078415263074187,-1.1024633865365185,1.3103049128439372,-0.6498113081541499,0.6604936046897874
Gemma 3 4B,relational_followups_distance_v1:confirmatory:0086,2.290064102747896,2.439574121352538,2.140554084143254,0.6658379450135583,0.7659983884950643,0.5656775015320523,1.402723967409885,1.7489745214169679,1.0564734134028018,1.8904201778018694,1.7048193425852247,2.076021013018514,1.6242261577343378,-0.4876962103919844,2.111922368126322,-0.887340135338011,1.2245822327883111,1.6735757328574739,0.044155178831743136,1.6294205540257307,-0.6905995999355703,0.9388209540901604,1.5748765826112017,-1.0195475996157124,2.594424182226914,-1.0840806707404522,1.5103435114864618
Gemma 3 4B,relational_followups_distance_v1:confirmatory:0087,2.6922911785298207,3.172375377846633,2.2122069792130086,1.8661364632373543,1.8379919690426174,1.8942809574320911,2.6139807247925835,3.114054816411361,2.113906633173806,3.043452308931038,3.6189581929508465,2.4679464249112293,0.8261547152924664,-0.42947158413845443,1.2556262994309209,-0.07831045373723722,1.1773158456936836,1.3343834088040154,-0.5049033765394855,1.8392867853435009,-0.058320561435271756,1.7809662239082291,0.31792602178091744,-0.3540397917374234,0.6719658135183408,-0.09830034603920268,0.5736654674791382
Gemma 3 4B,relational_followups_distance_v1:confirmatory:0088,2.2319515878717504,3.08661190138056,1.3772912743629409,1.0455787869035196,1.3638681040141547,0.7272894697928844,2.1107763755964832,3.156600209965986,1.064952541226981,2.430584991863634,3.0395704178804888,1.8215995658467792,1.1863728009682308,-0.31980861626715074,1.5061814172353816,-0.12117521227526717,1.3850062049601144,1.7227437973664053,0.11702979208549724,1.605714005280908,0.06998830858542604,1.675702313866334,0.6500018045700564,-0.7566470246197983,1.4066488291898547,-0.31233873313595995,1.0943100960538947
Gemma 3 4B,relational_followups_distance_v1:confirmatory:0089,2.282289959394788,2.8988311162450744,1.6657488025445017,1.446271259602867,1.713355447478631,1.1791870717271031,2.214059086260465,3.294649143455631,1.1334690290652993,2.095280906607052,2.245398896514324,1.94516291669978,0.836018699791921,0.11877817965341331,0.7172405201385077,-0.06823087313432286,0.6490096470041848,1.1854756687664434,1.0492502469413072,0.1362254218251362,0.3958180272105567,0.5320434490356929,0.4865617308173986,-0.8116938876344806,1.2982556184518792,-0.5322797734792024,0.7659758449726768
Gemma 3 4B,relational_followups_distance_v1:confirmatory:0090,2.3959143269047316,2.3696441375191766,2.422184516290287,2.484938064155021,1.8968814261365328,3.0729947021735096,3.6031506916230156,3.811753699844562,3.3945476834014694,4.219897173807448,4.53346852786245,3.906325819752445,-0.08902373725028934,-0.6167464821844324,0.5277227449341431,1.207236364718284,1.734959109652427,0.4727627113826438,-0.721714828017888,1.1944775394005318,1.4421095623253852,2.636587101725917,-0.6508101858832225,-0.5117781363509755,-0.13903204953224702,0.9723631671111823,0.8333311175789353
Gemma 3 4B,relational_followups_distance_v1:confirmatory:0091,1.5254314323659552,0.9028617236498908,2.1480011410820197,1.836711921504557,1.5555189492554886,2.1179048937536256,2.5170543684342923,2.9347961929466386,2.099312543921946,2.467571537644602,2.8847748264605375,2.0503682488286663,-0.31128048913860185,0.04948283078969018,-0.360763319928292,0.9916229360683371,0.630859616140045,-0.6526572256055978,0.050021366486101115,-0.7026785920916989,2.031934469296748,1.329255877205049,0.03009624732839411,0.04894429509327969,-0.018848047764885578,-0.04868859716007368,-0.06753664492495925
Gemma 3 4B,relational_followups_distance_v1:confirmatory:0092,2.5957352013240174,2.338652213514442,2.852818189133593,1.4736827013499545,1.4046290413463112,1.5427363613535978,2.561250913041755,2.5532838636058703,2.5692179624776394,2.5089817098913767,3.1773178564024023,1.8406455633803511,1.1220524999740629,0.052269203150378196,1.0697832968236847,-0.034484288282262465,1.0352990085414222,0.9340231721681307,-0.6240339927965319,1.5580571649646626,0.21463165009142848,1.772688815056091,1.310081827779995,0.7285723990972883,0.5815094286827067,-0.2836002266559534,0.2979092020267533
Gemma 3 4B,relational_followups_distance_v1:confirmatory:0093,2.3269690638483342,1.9731158609849695,2.680822266711699,2.0879052616621525,2.2500302775286114,1.9257802457956936,2.5759434564024803,3.4741573557830163,1.6777295570219448,2.185967017574289,2.2729511681074346,2.0989828670411432,0.23906380218618173,0.38997643882819144,-0.1509126366420097,0.2489743925541461,0.0980617559121364,-0.2769144165436419,1.2012061876755817,-1.4781206042192236,1.5010414947980468,0.022920890578823183,0.7550420209160054,-0.4212533100191984,1.1762953309352038,-1.0030927096897542,0.1732026212454496
Gemma 3 4B,relational_followups_distance_v1:confirmatory:0094,1.8823804650535072,1.625995910489956,2.1387650196170584,1.8410047228640862,2.0770805705720576,1.6049288751561148,1.7813067912420206,2.0640901801714335,1.4985234023126077,1.7654740711187027,2.261984403895225,1.2689637383421806,0.04137574218942097,0.015832720123317934,0.02554302206610304,-0.10107367381148658,-0.07553065174538354,-0.4510846600821017,-0.19789422372379128,-0.2531904363583104,0.4380942696814776,0.18490383332316718,0.5338361444609436,0.22955966397042715,0.3042764804905165,-0.6402416173044507,-0.33596513681393425
Gemma 3 4B,relational_followups_distance_v1:confirmatory:0095,1.9925113143570403,2.399618004763995,1.5854046239500859,1.2536773512354027,1.3911647009675594,1.116190001503246,1.705252434492417,1.7666389392538173,1.6438659297310165,1.402016044557476,1.6919917870824142,1.112040302032538,0.7388339631216376,0.30323638993494084,0.4355975731866968,-0.2872588798646234,0.1483386933220734,1.0084533037964354,0.07464715217140316,0.9338061516250322,-0.6329790655101775,0.30082708611485476,0.46921462244683987,0.5318256276984785,-0.06261100525163865,0.05846130578093067,-0.004149699470707979
