model,history_id,attribute,orientation,R_superseded_aligned,R_superseded_reversed,R_superseded_aligned_minus_reversed,R_other_attribute_aligned,R_other_attribute_reversed,R_other_attribute_aligned_minus_reversed,R_entity_mention_aligned,R_entity_mention_reversed,R_entity_mention_aligned_minus_reversed,R_early_unassigned_aligned,R_early_unassigned_reversed,R_early_unassigned_aligned_minus_reversed,R_late_unassigned_aligned,R_late_unassigned_reversed,R_late_unassigned_aligned_minus_reversed,R_superseded_minus_other_attribute,R_superseded_minus_other_attribute_aligned,R_superseded_minus_other_attribute_reversed,R_superseded_minus_entity_mention,R_superseded_minus_entity_mention_aligned,R_superseded_minus_entity_mention_reversed,R_superseded_minus_early_unassigned,R_superseded_minus_early_unassigned_aligned,R_superseded_minus_early_unassigned_reversed,R_superseded_minus_late_unassigned,R_superseded_minus_late_unassigned_aligned,R_superseded_minus_late_unassigned_reversed
Qwen3-8B,cross_model_relational_v2:confirmatory:000:c9022556d2ae,badge,0,2.530033226439758,2.3232832585245697,0.2067499679151883,0.7576916850425088,0.7300477265831908,0.027643958459317997,4.192709625463216,7.156033235526435,-2.9633236100632185,2.736018182448537,-4.812836949912102,7.5488551323606385,3.5388217268051907,-3.430663841279624,6.969485568084815,1.682788536669314,1.7723415413972492,1.593235531941379,-3.2477131880126606,-1.662676399023458,-4.832749977001865,3.465067626213946,-0.20598495600877875,7.1361202084366715,2.37257929971938,-1.0087885003654327,5.7539470998041935
Qwen3-8B,cross_model_relational_v2:confirmatory:001:4cbdd24d898e,badge,0,1.9602217765491137,2.1719205353859437,-0.21169875883682998,1.1809577559146662,0.9557545693663698,0.2252031865482964,4.289932275108103,5.720152527007503,-1.4302202518994003,3.701342190416857,-4.718709521357393,8.42005171177425,3.6606977518234087,-4.300545028573401,7.96124278039681,0.9977149933270106,0.7792640206344474,1.2161659660195738,-2.938971245090273,-2.329710498558989,-3.5482319916215594,2.5747548214377995,-1.7411204138677432,6.890630056743337,2.3859947943425244,-1.700475975274295,6.472465563959345
Qwen3-8B,cross_model_relational_v2:confirmatory:002:54e6ed5ccc49,badge,1,1.9965687394477722,2.731820152495567,-0.735251413047795,1.5415154787483374,2.058003085765732,-0.5164876070173947,4.317033153057594,6.402936026004671,-2.085902872947077,4.257193300866389,-3.522443521884934,7.779636822751323,3.4694290347502763,-5.501717769329042,8.971146804079318,0.564435163714635,0.45505326069943486,0.6738170667298351,-2.9957901435594625,-2.3204644136098214,-3.6711158735091036,1.9968195564809408,-2.2606245614186165,6.254263674380502,3.3803388132610523,-1.472860295302504,8.23353792182461
Qwen3-8B,cross_model_relational_v2:confirmatory:003:5d9da20cea48,badge,1,4.174130359753074,4.633176101135147,-0.45904574138207277,3.0070113351752625,2.210489007209826,0.7965223279654365,6.457371578900443,8.475696588589054,-2.0183250096886107,5.947982567115072,-2.8716737714087257,8.819656338523798,4.211616157338934,-1.9298048324796326,6.141420989818567,1.794903059251566,1.1671190245778118,2.422687093925321,-3.062880853300639,-2.283241219147369,-3.842520487453907,2.865498832590937,-1.7738522073619976,7.504849872543873,3.2627475680144595,-0.03748579758585979,6.56298093361478
Qwen3-8B,cross_model_relational_v2:confirmatory:004:93aa264e1481,color,0,3.099000915598487,2.6228730397934896,0.4761278758049974,0.719771963528177,1.9890349625589998,-1.2692629990308228,4.014773348082668,5.644224489191176,-1.6294511411085075,2.1438316560174835,-4.070716535868052,6.214548191885536,1.7236478771253991,-5.724316586109233,7.447964463234632,1.5065335146524,2.37922895207031,0.6338380772344898,-1.968561940940933,-0.9157724324841814,-3.0213514493976863,3.8243794176212726,0.9551692595810035,6.693589575661542,4.861271332187906,1.3753530384730879,8.347189625902722
Qwen3-8B,cross_model_relational_v2:confirmatory:005:902c1d6c8204,color,0,1.464764561162741,1.527218989080394,-0.0624544279176531,1.419889998862108,0.677171393545831,0.7427186053162771,3.332048579598323,3.3084900309639913,0.02355854863433171,2.0060347943001924,-3.9988588802157117,6.004893674515904,1.8396639233272203,-5.574289135244596,7.413953058571817,0.4474610789175979,0.0448745623006328,0.850047595534563,-1.82427753015959,-1.8672840184355821,-1.7812710418835973,2.492403818079327,-0.5412702331374515,5.526077869296106,3.363304381080255,-0.3748993621644794,7.10150812432499
Qwen3-8B,cross_model_relational_v2:confirmatory:006:c651a869b9f1,color,1,1.9402450251351642,2.7056941391308733,-0.7654491139957091,2.626769584500103,1.4084823017220263,1.2182872827780766,4.082295839360697,4.565712252841399,-0.4834164134807022,3.3753284841744886,-3.1058400515873976,6.481168535761887,2.756762734087987,-2.832895882059537,5.589658616147524,0.30534363902195416,-0.6865245593649387,1.297211837408847,-2.001034463968029,-2.1420508142255326,-1.8600181137105256,2.1882253658394726,-1.4350834590393244,5.811534190718271,2.361036156118794,-0.8165177089528228,5.53859002119041
Qwen3-8B,cross_model_relational_v2:confirmatory:007:ce7f77e87582,color,1,1.7637271101269594,2.228599267764411,-0.4648721576374517,1.5514094438202122,1.0556287312309864,0.49578071258922574,4.097671773989358,3.8457128380987933,0.25195893589056473,3.1236037144769773,-2.563327007999669,5.686930722476646,3.4726848167783335,-3.339903490521365,6.812588307299698,0.6926441014200859,0.2123176663067472,1.1729705365334246,-1.9755291170983906,-2.3339446638623986,-1.6171135703343822,1.7160248357070313,-1.359876604350018,4.79192627576408,1.9297725258171996,-1.7089577066513741,5.568502758285776
Qwen3-8B,cross_model_relational_v2:confirmatory:008:eb4776f4309d,code,0,2.0153165550701146,1.7036279281864104,0.31168862688370425,1.2418615176830046,1.8609927427063377,-0.6191312250233332,3.7536506408974475,7.643910359593293,-3.8902597186958454,3.384246712309853,-2.487706335875532,5.871953048185385,2.8591531300698128,-1.9797861044280074,4.83893923449782,0.3080451114335916,0.7734550373871101,-0.15736481451992734,-3.839308258617109,-1.7383340858273328,-5.9402824314068825,1.4112020534111027,-1.3689301572397383,4.191334264061942,1.419788728807361,-0.8438365749996981,3.683414032614418
Qwen3-8B,cross_model_relational_v2:confirmatory:009:d40bc78f1ab4,code,0,1.6501311411636976,1.5905961873518617,0.05953495381183593,1.9260297288873764,2.233765358221195,-0.3077356293338185,4.454576942136752,8.204650414353857,-3.750073472217105,2.873704139230765,-2.712887139129041,5.586591278359807,4.824220262906633,-2.8778028721491724,7.702023135055805,-0.45953387929650624,-0.2758985877236788,-0.6431691708693332,-4.709250013987525,-2.8044458009730544,-6.614054227001995,1.5399551642069174,-1.2235729980670675,4.303483326480903,0.6471549688790494,-3.1740891217429352,4.468399059501034
Qwen3-8B,cross_model_relational_v2:confirmatory:010:735b88c4dc0b,code,1,2.9369715295953815,2.40172490353147,0.5352466260639117,2.5807021686117615,3.343873843377576,-0.7631716747658146,6.179864163257764,10.676132246500686,-4.496268083242922,3.819640964850491,-2.3356350371264285,6.15527600197692,3.0871034728765623,-2.9439261301367288,6.031029603013291,-0.2929397894312431,0.35626936098362005,-0.9421489398461063,-5.758649988315797,-3.2428926336623825,-8.274407342969216,1.9273452527013935,-0.8826694352551097,4.737359940657898,2.5977595451935085,-0.15013194328118074,5.345651033668199
Qwen3-8B,cross_model_relational_v2:confirmatory:011:e3bd46a95df7,code,1,1.6838028717176408,2.0709910361909043,-0.38718816447326354,1.8084300333166925,1.4234880009554325,0.38494203236126,3.0746485736724587,7.6829590464587385,-4.60831047278628,1.65075581583669,-2.6736557708173803,4.324411586654071,2.8502869552817054,-1.9131426285897821,4.7634295838714875,0.26143793681821004,-0.12462716159905174,0.6475030352354718,-3.5014068561113256,-1.390845701954818,-5.611968010267834,2.3888469314446183,0.033047055880950804,4.744646807008285,1.408824790608311,-1.1664840835640646,3.9841336647806864
Qwen3-8B,cross_model_relational_v2:confirmatory:012:5276d469dcc8,label,0,1.6769499270072457,1.8397747442572925,-0.16282481725004683,1.5671817439316467,1.5406553282741209,0.02652641565752578,4.847238223524636,6.107581443016674,-1.2603432194920376,3.0977766506760696,-3.2038145422714406,6.301591192947511,4.826728028201446,-3.5394599495216457,8.366187977723092,0.2044437995293853,0.10976818307559899,0.2991194159831716,-3.719047497638386,-3.1702882965173904,-4.267806698759381,1.8113812814299548,-1.420826723668824,5.043589286528733,1.1147282962923684,-3.1497781011942,5.379234693778939
Qwen3-8B,cross_model_relational_v2:confirmatory:013:86936a12b85d,label,0,1.9158838653058776,1.369495653369964,0.5463882119359136,1.3214917141480829,0.843797547860154,0.4776941662879288,3.50191859101842,4.54897950508375,-1.0470609140653302,3.684161834421215,-3.2477527389281846,6.931914573349399,2.7719239904827844,-2.839776246917225,5.61170023740001,0.5600451283338024,0.5943921511577948,0.52569810550981,-2.382759288713164,-1.5860347257125422,-3.179483851713786,1.424485211591405,-1.7682779691153372,4.617248392298149,1.6766158875551418,-0.8560401251769068,4.209271900287189
Qwen3-8B,cross_model_relational_v2:confirmatory:014:62f291fa1978,label,1,2.3846819450609775,2.9628428755967517,-0.5781609305357742,2.314473033860927,2.9597022273694567,-0.6452291935085297,4.673827654725006,8.011731259189826,-3.3379036044648203,4.664562504416239,-2.2725858122451537,6.937148316661393,3.7752914057809117,-1.6151813979081933,5.390472803689105,0.036674779713672834,0.07020891120005057,0.0031406482272950953,-3.6690170466285505,-2.2891457096640284,-5.0488883835930745,1.4777740642433224,-2.279880559355261,5.235428687841905,1.5937074063925052,-1.3906094607199342,4.578024273504945
Qwen3-8B,cross_model_relational_v2:confirmatory:015:77035398e1b1,label,1,1.837138886424217,1.3386700933375897,0.4984687930866274,2.2708964699763565,1.6700214053735198,0.6008750646028367,4.116774551147196,5.3083925042046385,-1.1916179530574427,2.1882442409878164,-3.663837707750356,5.852081948738173,2.1490984874078607,-5.419586610223419,7.568685097631279,-0.3825544477940348,-0.43375758355213945,-0.33135131203593016,-3.124679037795015,-2.2796356647229787,-3.969722410867049,2.325701223262172,-0.35110535456359937,5.002507801087946,3.2231485512886837,-0.3119596009836436,6.758256703561009
Qwen3-8B,cross_model_relational_v2:confirmatory:016:486c1c8bd20a,badge,0,3.3004419784583057,2.764647224040147,0.5357947544181587,1.373691738550686,2.7059619682950835,-1.3322702297443976,4.971011603719638,7.370249067339655,-2.3992374636200173,4.814391210090767,-2.8265584754008035,7.64094968549157,4.827196622352616,-4.860219898793391,9.687416521146007,0.9927177478263416,1.9267502399076197,0.05868525574506345,-3.1380857342804194,-1.670569625261332,-4.6056018432995085,2.038628233904246,-1.513949231632461,5.59120569944095,3.0490562394696146,-1.5267546438943107,7.624867122833537
Qwen3-8B,cross_model_relational_v2:confirmatory:017:34deecbd239e,badge,0,2.31353137069648,1.5109371040637676,0.8025942666327124,1.7715943620696475,0.9510356518613983,0.8205587102082492,5.290448553686144,8.083699984641104,-2.7932514309549603,2.561638310524916,-4.232345697900524,6.79398400842544,1.1260961819021769,-4.767949672141235,5.894045854043412,0.5509192304146009,0.5419370086268325,0.5599014522023693,-4.7748400317835,-2.9769171829896637,-6.572762880577336,2.7475879310679283,-0.2481069398284359,5.743282801964291,3.7331609824996526,1.187435188794303,6.2788867762050025
Qwen3-8B,cross_model_relational_v2:confirmatory:018:21b4080d31cd,badge,1,2.9414028623744803,1.5869739421755984,1.354428920198882,1.6118664070657296,2.367782313060685,-0.7559159059949554,7.379054641685444,10.894343728368241,-3.515289086682797,4.071572154726708,-4.3075898245447934,8.379161979271501,3.32226935447271,-4.83012558384489,8.1523949383176,0.2743640422118321,1.3295364553087508,-0.7808083708850866,-6.872510782751803,-4.437651779310964,-9.307369786192643,2.3821972371840836,-1.1301692923522273,5.894563766720392,3.0181165169611295,-0.38086649209822987,6.417099526020489
Qwen3-8B,cross_model_relational_v2:confirmatory:019:58b11d92cc91,badge,1,3.4348787292229455,2.3038165694972195,1.131062159725726,2.395708747367916,1.4628075565271716,0.9329011908407443,6.70794186490378,9.38183539258263,-2.6738935276788505,2.594587564934386,-5.507429802235717,8.102017367170102,2.1825898192841966,-3.894468641516834,6.07705846080103,0.9400894974125387,1.0391699818550295,0.8410090129700478,-5.175540979383121,-3.273063135680834,-7.078018823085411,4.3257687680107475,0.8402911642885593,7.811246371732937,3.7252870604764015,1.2522889099387489,6.198285211014054
Qwen3-8B,cross_model_relational_v2:confirmatory:020:a7d55e415b96,color,0,2.3498816799125084,2.804704147748849,-0.4548224678363404,1.6814865512480464,0.930031079356012,0.7514554718920343,4.4168401765326095,6.078212838015514,-1.661372661482904,3.724727737799664,-4.241509391368018,7.966237129167682,2.1895453124376485,-4.35528583728092,6.5448311497185685,1.2715340985286494,0.668395128664462,1.8746730683928368,-2.670233593443383,-2.066958496620101,-3.273508690266665,2.835683740614855,-1.3748460578871557,7.0462135391168665,3.660163176252315,0.1603363674748599,7.159989985029768
Qwen3-8B,cross_model_relational_v2:confirmatory:021:b04ecd40eb47,color,0,2.586409105502465,1.8533752268187156,0.7330338786837496,0.7435394564771718,1.3615420636036255,-0.6180026071264537,5.513611396125555,5.554386766836663,-0.04077537071110804,3.4790848751098657,-2.490379158480314,5.96946403359018,3.0665281879431014,-2.3493823572627366,5.415910545205838,1.1673514061201917,1.8428696490252934,0.4918331632150901,-3.3141069153205183,-2.9272022906230895,-3.701011540017947,1.7255393078458146,-0.8926757696074006,4.34375438529903,1.8613192508204088,-0.4801190824406363,4.202757584081452
Qwen3-8B,cross_model_relational_v2:confirmatory:022:1f39499f251f,color,1,1.3712668798956535,0.6916054592598684,0.6796614206357852,0.5154973404993317,0.004396400040738158,0.5111009404585936,2.48674575715253,2.7803000126544077,-0.29355425550187775,2.88487240950631,-4.952723007306815,7.837595416813125,2.99068361522138,-4.0969920404805364,7.087675655701917,0.771489299307726,0.8557695393963218,0.6872090592191302,-1.602086715325708,-1.1154788772568764,-2.0886945533945394,2.0653614684780135,-1.5136055296106563,5.644328466566684,1.584590382207339,-1.6194167353257263,4.788597499740405
Qwen3-8B,cross_model_relational_v2:confirmatory:023:7016607f5099,color,1,3.318719336580636,2.1921012823468446,1.1266180542337914,2.0650836671739334,2.1741327911689634,-0.10904912399502997,3.8954124159777646,3.8684134323139405,0.026998983663824028,3.7677038708185266,-2.872728618145061,6.6404324889635875,3.070627747014487,-2.7310647138875366,5.801692460902023,0.6358020802922919,1.2536356694067026,0.01796849117788124,-1.1265026146821127,-0.5766930793971285,-1.6763121499670959,2.3079226831270074,-0.44898453423789064,5.0648299004919055,2.5856287929002644,0.24809158956614885,4.923165996234381
Qwen3-8B,cross_model_relational_v2:confirmatory:024:22fca356799e,code,0,1.7391165334542493,1.8071678008927003,-0.06805126743845102,2.3500103857628885,2.159539726598666,0.19047065916422223,4.405950921143074,11.751242500473353,-7.345291579330279,1.7926224988658928,-2.7803881372519164,4.573010636117809,3.342124672784348,-2.7158181165946194,6.057942789378967,-0.4816328890073025,-0.6108938523086391,-0.35237192570596587,-6.305454543634738,-2.6668343876888243,-9.944074699580653,2.2670249863664873,-0.05350596541164343,4.587555938144616,1.4599888890786115,-1.6030081393300986,4.52298591748732
Qwen3-8B,cross_model_relational_v2:confirmatory:025:86e650d39b67,code,0,1.8843205547276813,0.9110380005334004,0.9732825541942809,2.520691187110079,2.3027692314620567,0.21792195564802208,3.9903096569033942,5.007067357853867,-1.0167577009504725,3.5049582878683925,-2.7725066809292436,6.277464968797636,2.298118644603728,-3.7112353435718157,6.009353988175544,-1.014050931655527,-0.6363706323823974,-1.3917312309286562,-3.1010092297480893,-2.105989102175713,-4.096029357320466,1.0314534741609669,-1.6206377331407111,3.683544681462644,2.1042376271145846,-0.4137980898760465,4.622273344105216
Qwen3-8B,cross_model_relational_v2:confirmatory:026:7035f942fd85,code,1,3.4921926650901547,1.011298808095768,2.4808938569943866,1.5287232251673322,2.694100878092805,-1.1653776529254727,5.334851519808892,11.180697412734709,-5.845845892925817,4.079820907564072,-1.2371645249660435,5.316985432530116,5.943417460050511,-2.0559740301315266,7.999391490182037,0.1403336849628931,1.9634694399228225,-1.6828020699970367,-6.00602872967884,-1.8426588547187377,-10.16939860463894,0.8304175452939475,-0.587628242473917,2.2484633330618116,0.3080240216334671,-2.451224794960356,3.0672728382272947
Qwen3-8B,cross_model_relational_v2:confirmatory:027:cc868c48b799,code,1,1.5297338353188454,1.2460045944559246,0.28372924086292084,2.4235003774331005,2.5428493332065845,-0.11934895577348392,5.364944280422085,10.712975795668862,-5.3480315152467774,2.893478082860311,-3.0241194066743913,5.917597489534702,3.8656774951373754,-2.816648855447769,6.682326350585145,-1.0953056404324575,-0.8937665421142551,-1.2968447387506599,-6.651090823158089,-3.8352104451032396,-9.466971201212939,1.4531898767944265,-1.3637442475414656,4.270124001130316,0.8633548950425811,-2.33594365981853,4.062653449903694
Qwen3-8B,cross_model_relational_v2:confirmatory:028:d092710d2192,label,0,1.2678429892979457,1.3521987273167095,-0.08435573801876384,1.9503016234630879,1.6530837770881606,0.2972178463749273,5.65158595067129,6.495084756520837,-0.8434988058495474,2.957786088123177,-4.1526690048283985,7.110455092951575,2.5688343690698305,-4.37924621795187,6.948080587021701,-0.4916718419682966,-0.6824586341651422,-0.30088504977145103,-4.763314495288736,-4.383742961373344,-5.142886029204128,1.9074623166599385,-1.689943098825231,5.504867732145108,2.215226782748347,-1.3009913797718848,5.73144494526858
Qwen3-8B,cross_model_relational_v2:confirmatory:029:6bde5bae57ea,label,0,1.449807799406278,0.36417854012384954,1.0856292592824284,0.1933303901359853,-0.09702950911188069,0.290359899247866,2.1004083393769672,2.2370588591606575,-0.13665051978369025,2.027499089121436,-5.005237474084293,7.032736563205729,2.9744036107881726,-5.178966963178383,8.153370573966555,0.8588427292530114,1.2564774092702926,0.4612080492357302,-1.2617404295037487,-0.6506005399706893,-1.872880319036808,2.3958623622464916,-0.5776912897151583,5.369416014208142,2.0092748459601677,-1.5245958113818947,5.543145503302233
Qwen3-8B,cross_model_relational_v2:confirmatory:030:e83677058465,label,1,2.131251948377167,1.6879895434227565,0.44326240495441027,2.640608562325574,2.636144226851105,0.004464335474469117,6.0037034715509705,5.882847556907138,0.12085591464383239,3.7526177985558817,-4.377294929782146,8.129912728338027,4.215811058110957,-2.786987231682481,7.002798289793438,-0.7287556486883777,-0.5093566139484071,-0.9481546834283483,-4.033654768329092,-3.8724515231738037,-4.194858013484382,2.2219593115130944,-1.621365850178715,6.065284473204903,1.1952088326857226,-2.0845591097337905,4.474976775105238
Qwen3-8B,cross_model_relational_v2:confirmatory:031:cd0ce3695cf2,label,1,2.078158137708212,1.400313823353926,0.677844314354286,1.2046130677821507,1.48451380963854,-0.27990074185638925,5.8202681750376355,7.443363579173648,-1.6230954041360128,3.6758634675588087,-2.767517071780611,6.44338053933942,3.371044105069193,-2.8867344975877165,6.257778602656909,0.39467254182072375,0.8735450699260614,-0.08419998628461389,-4.892579896574574,-3.7421100373294234,-6.043049755819722,1.2850627826419712,-1.5977053298505965,4.1678308951345375,1.497081176790331,-1.2928859673609807,4.287048320941643
Qwen3-8B,cross_model_relational_v2:confirmatory:032:2c988b530508,badge,0,2.692530124596572,1.6133470774509702,1.0791830471456016,1.179311695756705,1.4956269385371188,-0.3163152427804139,4.564333711811494,8.249528046807928,-3.6851943349964342,2.312781712636694,-5.426908203285217,7.739689915921911,1.4003827254097287,-5.5558737212660425,6.956256446675772,0.8154692838768589,1.513218428839867,0.11772013891385136,-4.253992278285939,-1.871803587214922,-6.636180969356958,3.7100018463480318,0.37974841195987796,7.040255280736187,4.2306840989519285,1.292147399186843,7.169220798717013
Qwen3-8B,cross_model_relational_v2:confirmatory:033:55ffb8598341,badge,0,3.6544561597414518,3.183906568892609,0.47054959084884285,2.719428399067626,2.721047853463711,-0.0016194543960850183,8.482858967328076,11.683426511769472,-3.2005675444413964,3.9866002283527346,-4.601739622038197,8.588339850390932,4.472678164995152,-3.1831054668077865,7.655783631802938,0.698943238051362,0.935027760673826,0.4628587154288981,-6.663961375231745,-4.828402807586624,-8.499519942876862,3.7267510611597614,-0.33214406861128287,7.785646190930806,2.7743950152233485,-0.8182220052537001,6.367012035700395
Qwen3-8B,cross_model_relational_v2:confirmatory:034:eed4ca5c914e,badge,1,3.0656092779536976,1.86856346806076,1.1970458098929377,2.1872709523198184,3.0082764376375004,-0.821005485317682,5.1225793480413095,10.25760033607351,-5.135020988032201,4.119605326486644,-4.52018765979029,8.639792986276934,5.221316313059666,-3.606064875188736,8.827381188248403,-0.13068732197143085,0.8783383256338793,-1.1397129695767405,-5.223003469050182,-2.056970070087612,-8.38903686801275,2.6673775396590518,-1.0539960485329463,6.38875112785105,1.6594606540717631,-2.1557070351059684,5.4746283432494955
Qwen3-8B,cross_model_relational_v2:confirmatory:035:33c679cd7c9a,badge,1,3.9606229062931204,3.4855770016661913,0.4750459046269291,2.498207567365021,4.558190989200497,-2.0599834218354762,9.454523589559376,10.982601807641924,-1.5280782180825483,5.766877258431869,-3.0062763957415446,8.773153654173413,3.8408399553487063,-3.431506352178335,7.272346307527041,0.1949006756968963,1.4624153389280994,-1.072613987534306,-6.495462744620994,-5.493900683266255,-7.497024805975732,2.3427995226344933,-1.8062543521387484,6.491853397407736,3.5184331523944694,0.11978295094441416,6.917083353844527
Qwen3-8B,cross_model_relational_v2:confirmatory:036:72446b2fef1e,color,0,2.597537007793024,2.726874834884515,-0.1293378270914909,1.7088579623360785,1.3199926705266973,0.3888652918093811,6.197108572268348,6.363246645435797,-0.1661380731674491,3.3443622542780496,-3.0662882524903914,6.410650506768441,4.795042918436652,-2.2217316819328774,7.016774600369529,1.1477806049073815,0.8886790454569455,1.4068821643578175,-3.6179716875133034,-3.5995715644753243,-3.6363718105512826,2.5231689204449403,-0.7468252464850256,5.793163087374906,1.3755503030868819,-2.1975059106436277,4.948606516817392
Qwen3-8B,cross_model_relational_v2:confirmatory:037:21600f514f83,color,0,2.198791133587874,0.7966414030248234,1.4021497305630506,1.2696165791341523,0.4142806486075532,0.8553359305265991,4.028319639068562,4.7576261216270135,-0.7293064825584512,3.146864243922952,-2.982555330668198,6.12941957459115,3.023382671356557,-1.722343494842165,4.745726166198722,0.655767654435496,0.9291745544537218,0.38236075441727024,-2.895256612041439,-1.8295285054806882,-3.96098471860219,1.4155618116789719,-0.9480731103350779,3.7791967336930212,0.8471966800491528,-0.8245915377686828,2.5189848978669884
Qwen3-8B,cross_model_relational_v2:confirmatory:038:e391afc63af1,color,1,2.7780412527115868,1.6325830396913856,1.1454582130202011,0.48820693389181624,0.5012673494512025,-0.013060415559386307,4.402086255797369,5.01732438582966,-0.6152381300322913,1.2114729056418576,-4.031201816296125,5.242674721937982,3.763299955711508,-3.3304110743110784,7.093711030022586,1.7105750045299768,2.2898343188197705,1.131315690240183,-2.5043931746120287,-1.624045003085782,-3.3847413461382745,3.6151766015286193,1.5665683470697291,5.663784855987511,1.988867705501272,-0.9852587029999214,4.9629941140024645
Qwen3-8B,cross_model_relational_v2:confirmatory:039:bf376612709b,color,1,1.712535881635473,1.314712434928694,0.39782344670677894,1.0594935816319957,0.3813021831295602,0.6781913985024355,2.327323666642304,2.563483431638293,-0.236159764995989,2.4493095731939007,-3.6241797182691924,6.073489291463093,1.8805093936338468,-3.7264024063759487,5.6069118000097955,0.7932262759013056,0.6530423000034773,0.9334102517991338,-0.9317793908582148,-0.6147877850068308,-1.2487709967095988,2.1010592308197293,-0.7367736915584278,4.938892153197886,2.436570664653135,-0.16797351199837385,5.041114841304642
Qwen3-8B,cross_model_relational_v2:confirmatory:040:7c08d93dad6d,code,0,1.256497822414639,1.9529189403052958,-0.6964211178906567,2.5496920743381764,2.446266660157456,0.10342541418072049,4.878746015411031,9.415485262480894,-4.536739247069863,3.1702656680510093,-2.9819405735861593,6.152206241637169,1.437640797866509,-3.0532336939400015,4.49087449180651,-0.8932709858878489,-1.2931942519235373,-0.4933477198521601,-5.542407257585996,-3.622248192996392,-7.462566322175599,1.5105458341275417,-1.9137678456363703,4.934859513891455,2.4125048293967133,-0.18114297545186986,5.006152634245297
Qwen3-8B,cross_model_relational_v2:confirmatory:041:8dfdf0501d2e,code,0,2.002683583003496,1.3873803932554614,0.6153031897480346,3.282678104865899,4.714782409076909,-1.43210430421101,2.2779662646657766,7.169307842567207,-4.89134157790143,0.6863725229171878,-2.7097635177608503,3.396136040678038,1.4041227446246602,-2.39109202366551,3.7952147682901702,-2.3036982688419254,-1.279994521862403,-3.3274020158214475,-3.028605065487013,-0.27528268166228065,-5.781927449311746,2.7067274855513093,1.3163110600863082,4.097143911016312,2.1885166276499035,0.5985608383788357,3.7784724169209714
Qwen3-8B,cross_model_relational_v2:confirmatory:042:d7f7c112af41,code,1,2.2830978563738302,1.8578791858555452,0.425218670518285,2.054883028683665,2.561778859889217,-0.506895831205552,5.00177187958613,8.529595510965656,-3.527823631379526,3.2109248118573688,-2.887411714923582,6.098336526780951,3.039730647476512,-1.5282876920420012,4.568018339518513,-0.2378424231717533,0.2282148276901652,-0.7038996740336718,-4.6951951741612055,-2.7186740232122997,-6.671716325110111,1.9087319726477947,-0.9278269554835386,4.745290900779127,1.3147670433974321,-0.7566327911026818,3.3861668778975464
Qwen3-8B,cross_model_relational_v2:confirmatory:043:32573b170749,code,1,2.259703704658601,2.3366678489461803,-0.07696414428757947,3.1460701499459494,3.3506964732197217,-0.2046263232737724,6.639838480527095,10.809000743097833,-4.1691622625707385,3.7908216627449,-2.8239342498746494,6.614755912619549,4.845402305645759,-3.008281210828142,7.853683516473901,-0.9501975347804446,-0.8863664452873485,-1.0140286242735415,-6.426233835010073,-4.380134775868494,-8.472332894151652,1.8147420703672652,-1.5311179580862992,5.16060209882083,1.3796252293935818,-2.5856986009871585,5.344949059774322
Qwen3-8B,cross_model_relational_v2:confirmatory:044:2b82a8728cc5,label,0,1.3124889606484151,1.3043980271305813,0.008090933517833854,1.7149617706499676,1.5639180996031508,0.15104367104681682,5.144822841806976,5.365485312038999,-0.220662470232023,2.5565362706166526,-3.8595925265247315,6.4161287971413845,2.630899951659691,-3.3337836464558674,5.964683598115558,-0.33099644123706096,-0.40247281000155244,-0.2595200724725695,-3.946710583033488,-3.8323338811585606,-4.061087284908417,1.9599716218435375,-1.2440473099682374,5.163990553655313,1.6598853412875871,-1.3184109910112758,4.638181673586448
Qwen3-8B,cross_model_relational_v2:confirmatory:045:17cb953adeae,label,0,1.8203293505662455,1.0233535009580974,0.796975849608148,1.2763843546879028,0.9823543127888099,0.2940300418990929,4.357353327052821,4.996063424748984,-0.6387100976961628,2.0635926775986593,-4.793063349256282,6.856656026854941,2.4491509266591196,-6.740220256932253,9.189371183591373,0.2924720920238151,0.5439449958783427,0.04099918816928749,-3.2548669501387315,-2.5370239764865756,-3.9727099237908865,2.7865767615909824,-0.24326332703241382,5.816416850214379,3.567376090898738,-0.6288215760928741,7.7635737578903505
Qwen3-8B,cross_model_relational_v2:confirmatory:046:e7924c8ea367,label,1,1.376599323991961,1.1890134256976967,0.1875858982942642,0.7127961362213853,-0.21151422031579692,0.9243103565371822,3.7247725018175455,4.72570849016658,-1.0009359883490347,3.544648351745392,-3.7396470209349046,7.284295372680297,1.4526003523758675,-3.2849300950006324,4.7375304473765,1.0321654168920347,0.6638031877705757,1.4005276460134937,-2.9424341211472322,-2.3481731778255845,-3.5366950644688835,1.3803057094395843,-2.168049027753431,4.928660446632602,2.1989712461572104,-0.07600102838390654,4.473943520698329
Qwen3-8B,cross_model_relational_v2:confirmatory:047:66f6e08ed635,label,1,2.0235242944286522,1.3961779201386952,0.627346374289957,1.7231937600991367,1.1500600443943996,0.5731337157047371,3.505143968321404,5.46243170188286,-1.957287733561456,3.189945143574054,-4.554952673691025,7.744897817265079,4.253042869548506,-4.145736205459764,8.398779075008271,0.2732242050369056,0.3003305343295155,0.24611787574429567,-2.773936727818458,-1.4816196738927516,-4.066253781744164,2.3923548723421586,-1.1664208491454016,5.9511305938297205,1.6561977752393033,-2.2295185751198536,5.54191412559846
Qwen3-8B,cross_model_relational_v2:confirmatory:048:4838fc0a7498,badge,0,1.2849942319246876,1.1848777258525742,0.10011650607211342,0.762445213578852,2.129852321814416,-1.367407108235564,3.456922779736473,4.427724784617434,-0.9708020048809605,1.0700726118551591,-3.843757778582864,4.913830390438023,0.5084442088717958,-3.825826244762441,4.334270453634237,-0.2112127888080031,0.5225490183458357,-0.9449745959618419,-2.7073878032883227,-2.1719285478117856,-3.2428470587648595,2.6217785622524836,0.21492162006952853,5.028635504435439,2.8936269968339534,0.7765500230528919,5.010703970615015
Qwen3-8B,cross_model_relational_v2:confirmatory:049:073d7958e360,badge,0,2.283183594036913,2.9749095958954666,-0.6917260018585534,1.8719046126053658,2.6010246718621852,-0.7291200592568194,4.915150215568973,8.28482677287403,-3.3696765573050573,4.586846312665731,-3.05773077858175,7.644577091247481,3.879351912054201,-2.1854606079417813,6.064812519995982,0.3925819527324146,0.4112789814315474,0.37388492403328133,-3.9709418992553127,-2.63196662153206,-5.309917176978564,1.8644888279241982,-2.303662718628818,6.032640374477216,1.782100942909981,-1.5961683180172876,5.160370203837248
Qwen3-8B,cross_model_relational_v2:confirmatory:050:4c3a358c71eb,badge,1,4.155377878672134,3.6184431558632326,0.5369347228089012,2.855450644445656,3.6715409316772076,-0.8160902872315514,5.901181150324776,8.125731446921586,-2.22455029659681,5.110415651428834,-2.0696743750125832,7.180090026441418,5.20826921846338,-1.9873962994418393,7.195665517905219,0.6234147292062513,1.2999272342264776,-0.05309777581397501,-3.1265457813554987,-1.7458032716526422,-4.507288291058353,2.366539879059559,-0.9550377727567003,5.688117530875816,2.2764740577569125,-1.0528913397912465,5.605839455305071
Qwen3-8B,cross_model_relational_v2:confirmatory:051:531b39a341b4,badge,1,1.4136961710648075,1.9745251674771693,-0.5608289964123618,1.3648683639335744,0.8634529977512484,0.501415366182326,3.708897246794818,4.42190187930248,-0.713004632507662,2.849649516218596,-3.5587643753689155,6.408413891587512,3.031525497465966,-2.255494931200331,5.287020428666297,0.579949988428577,0.048827807131233136,1.111072169725921,-2.371288893777659,-2.2952010757300103,-2.4473767118253105,2.0486680988461483,-1.4359533451537887,5.533289542846084,1.3060953861381706,-1.6178293264011585,4.2300200986775005
Qwen3-8B,cross_model_relational_v2:confirmatory:052:9cd88414cc65,color,0,3.6617877834801957,2.8048388792461836,0.8569489042340122,1.686351851293292,1.7007925923804814,-0.014440741087189402,5.96656193260235,3.7532573251024752,2.2133046074998743,4.335064762398695,-2.848087977836676,7.183152740235371,2.669099707380242,-3.292210540925218,5.96131024830546,1.539741109526303,1.9754359321869037,1.1040462868657022,-1.6265962974892223,-2.304774149122154,-0.9484184458562916,2.4898249390821805,-0.6732769789184996,5.65292685708286,3.5448687481356793,0.9926880760999537,6.097049420171402
Qwen3-8B,cross_model_relational_v2:confirmatory:053:4348b1aad1af,color,0,1.129264557676212,1.301790746895045,-0.172526189218833,1.1017544335598073,0.972601236200223,0.1291531973595843,3.5988038121223456,2.6323236695126933,0.9664801426096523,1.8332951595221259,-2.8620517005650887,4.695346860087215,2.621626608050026,-1.0348294744261062,3.656456082476132,0.1783498174056133,0.027510124116404633,0.32918951069482194,-1.9000360885318899,-2.4695392544461336,-1.3305329226176483,1.7299059228071108,-0.7040306018459139,4.163842447460134,0.42212908547366856,-1.492362050373814,2.336620221321151
Qwen3-8B,cross_model_relational_v2:confirmatory:054:3ea067b5dce7,color,1,2.1077448255400286,1.876760268430445,0.23098455710958365,0.3949954839020471,0.5298151581402157,-0.13481967423816865,3.288378063946463,3.9775348948920417,-0.6891568309455787,2.23907552464712,-2.9661037005501116,5.205179225197232,1.8849983276585616,-3.3314738761764686,5.21647220383503,1.5298472259641054,1.7127493416379815,1.3469451102902292,-1.6407039324340156,-1.1806332384064344,-2.1007746264615967,2.3557666349367326,-0.1313306991070915,4.842863968980557,2.71549032124419,0.22274649788146705,5.208234144606914
Qwen3-8B,cross_model_relational_v2:confirmatory:055:cb45e522fb09,color,1,1.8870992113085308,1.8748272172192921,0.012271994089238625,1.6004687774895414,0.9086957457155407,0.6917730317740007,4.045663158746359,4.139152589177355,-0.09348943043099567,2.040015286829786,-3.695764106789208,5.735779393618994,2.896870360447556,-4.42849052592868,7.325360886376236,0.6263809526613704,0.28663043381898934,0.9661314715037514,-2.211444659697946,-2.1585639474378286,-2.264325371958063,2.708837624243622,-0.1529160755212553,5.5705913240085,2.6467732970044735,-1.0097711491390253,6.303317743147972
Qwen3-8B,cross_model_relational_v2:confirmatory:056:8b19d1dd9ec5,code,0,1.0557360589115632,1.4084566425783986,-0.35272058366683545,1.9489108526952466,2.311131931542497,-0.3622210788472504,5.987999252049475,8.96263669762805,-2.9746374455785745,3.7013003282499586,-3.713851252725003,7.415151580974962,3.7447706944017054,-1.2573354999821502,5.002106194383856,-0.8979250413738908,-0.8931747937836834,-0.9026752889640983,-6.24322162409378,-4.932263193137912,-7.554180055049651,1.2383718129825039,-2.6455642693383954,5.122307895303402,-0.011621246464796009,-2.689034635490142,2.665792142560549
Qwen3-8B,cross_model_relational_v2:confirmatory:057:ca5e087b9b78,code,0,2.946724844695191,2.419479466997729,0.5272453776974619,2.260883405248355,2.676616749377906,-0.415733344129551,3.869119367059362,6.127078744203227,-2.257959377143865,2.345431456544952,-3.590691994374372,5.9361234509193235,1.6323302811519556,-2.6775466948951845,4.30987697604714,0.21435207853332905,0.6858414394468357,-0.2571372823801772,-2.314996899784833,-0.9223945223641712,-3.707599277205498,3.3057324247611697,0.6012933881502387,6.010171461372101,3.205710362718076,1.3143945635432353,5.097026161892913
Qwen3-8B,cross_model_relational_v2:confirmatory:058:5d807a07d912,code,1,1.858207130296301,2.0040671667063927,-0.1458600364100917,0.806236426542144,0.8420645460769887,-0.03582811953484466,3.5512971159188313,8.173094400638647,-4.621797284719815,2.488935452710665,-2.048610416363327,4.537545869073992,4.973109151292329,-3.4070565031919666,8.380165654484296,1.1069866621917805,1.051970703754157,1.162002620629404,-3.9310586097773923,-1.6930899856225303,-6.169027233932254,1.7109746303276778,-0.630728322414364,4.05267758306972,1.1481108244511669,-3.114902020996028,5.411123669898359
Qwen3-8B,cross_model_relational_v2:confirmatory:059:799e57dca7a2,code,1,2.213571476523226,1.7548429636494185,0.45872851287380767,3.524447223241985,4.639855393995072,-1.1154081707530872,5.988440415333438,8.277456457892168,-2.28901604255873,3.430520843635738,-1.5606725892670497,4.991193432902788,4.16476586349366,-1.1571093332035103,5.32187519669717,-2.0979440885322065,-1.3108757467187586,-2.8850124303456535,-5.148741216526481,-3.7748689388102115,-6.52261349424275,1.0492830929019776,-1.216949367112512,3.315515552916468,0.4803789549412478,-1.9511943869704336,2.911952296852929
Qwen3-8B,cross_model_relational_v2:confirmatory:060:c6b468a69bae,label,0,1.6601206342334098,0.8655043960835727,0.7946162381498372,-0.4999141199669954,-0.19265788366192504,-0.3072562363050704,4.502697158488605,6.933364882694837,-2.4306677242062324,1.2416583669996082,-5.275737909709501,6.517396276709109,0.15513961362267947,-4.666384819638733,4.821524433261413,1.6090985169729515,2.1600347542004052,1.0581622797454977,-4.455218505433229,-2.842576524255195,-6.067860486611265,3.279852286513438,0.41846226723380164,6.141242305793074,3.5184351181665185,1.5049810206107304,5.531889215722305
Qwen3-8B,cross_model_relational_v2:confirmatory:061:2ec6eceb6ecf,label,0,2.203557947858849,1.6033243805911255,0.6002335672677237,1.2624099927791486,1.4118717000850705,-0.1494617073059219,4.28209949471286,5.904373933415521,-1.6222744387026617,2.9124180726928834,-3.0859488947666907,5.9983669674595745,3.1476967218808896,-4.622849269529545,7.770545991410435,0.5663003177928778,0.9411479550797006,0.19145268050605502,-3.1897955498392037,-2.0785415468540105,-4.301049552824396,1.9902065752618912,-0.7088601248340343,4.689273275357817,2.6410174380493148,-0.9441387740220404,6.22617365012067
Qwen3-8B,cross_model_relational_v2:confirmatory:062:9576c178260a,label,1,0.7146861581201529,1.1718938489457873,-0.4572076908256344,0.4279237978971908,1.3891299320621338,-0.9612061341649429,3.549027326706591,4.933886008423631,-1.38485868171704,2.3825371974653753,-4.2423481235813245,6.624885321046699,2.109353270059289,-3.4969826233383468,5.606335893397636,0.034763138553307815,0.2867623602229621,-0.21723608311634646,-3.298166664032142,-2.834341168586438,-3.7619921594778436,1.8731954665909445,-1.6678510393452224,5.414241972527112,1.637104680172499,-1.3946671119391363,4.6688764722841345
Qwen3-8B,cross_model_relational_v2:confirmatory:063:66411d73bde5,label,1,2.727335312399103,1.8693358141249599,0.8579994982741432,2.655850766180331,1.364127527474328,1.2917232387060027,3.6564519620974707,6.42353095340629,-2.7670789913088196,5.046010618955016,-2.3147091221778218,7.360719741132838,5.061862062762305,-3.4968203662707573,8.558682429033063,0.28834641643470205,0.07148454621877232,0.5052082866506318,-2.74165589448985,-0.9291166496983676,-4.5541951392813305,0.9326848148734341,-2.318675306555913,4.184044936302781,1.5158147150162575,-2.334526750363202,5.366156180395717
Qwen3-8B,cross_model_relational_v2:confirmatory:064:6b7381fd4c31,badge,0,2.138484231228661,1.481245143684085,0.6572390875445762,1.4037387042979246,0.6689778219958504,0.7347608823020741,5.494881156761924,7.882674524552112,-2.387793367790188,1.9537822092316923,-4.132691706845021,6.086473916076713,2.418508741437689,-3.4521412175203103,5.8706499589579995,0.7735064243094856,0.7347455269307366,0.8122673216882346,-4.878913153200645,-3.3563969255332626,-6.401429380868027,2.8993194362630383,0.18470202199696883,5.613936850529106,2.3266809254976826,-0.28002451020902797,4.933386361204395
Qwen3-8B,cross_model_relational_v2:confirmatory:065:753a28f21f76,badge,0,2.062721822339701,1.2864182885063142,0.7763035338333868,2.4814493733575254,1.790717449703639,0.6907319236538862,5.006878237730104,7.427980251629487,-2.4211020138993824,2.7645673661161005,-3.755981409720728,6.520548775836828,2.3394272549075548,-3.5060255120667434,5.845452766974298,-0.4615133561075746,-0.41872755101782433,-0.5042991611973249,-4.542859189256788,-2.9441564153904034,-6.141561963123173,2.1702770772253195,-0.7018455437763995,5.042399698227042,2.257869184002603,-0.27670543256785374,4.792443800573057
Qwen3-8B,cross_model_relational_v2:confirmatory:066:a8410a161dd0,badge,1,1.4924377650301892,2.2663290107717837,-0.7738912457415945,1.1132327749854984,1.1024676270570675,0.010765147928430974,3.5061186655007357,6.7693971373642245,-3.263278471863489,3.022194433247917,-4.605022555434465,7.627216988682381,2.553833227090917,-3.5899645861679867,6.143797813258904,0.771533186879704,0.37920499004469077,1.1638613837147163,-3.2583745135314937,-2.0136809004705465,-4.50306812659244,2.67079744899426,-1.5297566682177277,6.871351566206249,2.3974490674395206,-1.061395462060728,5.8562935969397705
Qwen3-8B,cross_model_relational_v2:confirmatory:067:387f8460d26c,badge,1,2.2565527640048595,2.317426844673487,-0.06087408066862743,0.730134864537344,0.47558770157563846,0.25454716296170554,4.610129106535213,8.317371242935728,-3.707242136400515,3.370557239329361,-3.7600693185378584,7.130626557867219,3.4146299565636986,-2.0427542005754433,5.457384157139142,1.684128521282682,1.5264178994675155,1.8418391430978485,-4.176760370396298,-2.3535763425303537,-5.999944398262241,2.481745843943421,-1.1140044753245015,6.077496163211345,1.601051926345047,-1.1580771925588391,4.360181045248931
Qwen3-8B,cross_model_relational_v2:confirmatory:068:06b1f2d51c97,color,0,2.763020278630247,2.3203073730731667,0.4427129055570802,2.146068202353584,0.73448240436643,1.4115857979871542,2.118636667127914,2.4939778726983075,-0.3753412055703933,3.6473404465111026,-3.4310010138436593,7.078341460354762,1.721291685577301,-4.41909211544767,6.140383801024971,1.1013885224916997,0.6169520762766627,1.5858249687067367,0.23535655593859595,0.6443836115023327,-0.1736704996251408,2.433494109517985,-0.8843201678808557,5.7513083869168256,3.890564040786891,1.0417285930529459,6.739399488520837
Qwen3-8B,cross_model_relational_v2:confirmatory:069:4f10536694bc,color,0,3.318276519239765,2.021762059223462,1.296514460016303,1.3742738877901588,1.101041919273511,0.27323196851664777,3.543824106695033,3.139249607385543,0.40457449930948997,3.8409701933588676,-1.8429685129595366,5.683938706318404,4.161276243363901,-2.493732877907714,6.655009121271615,1.4323613856997788,1.9440026314496062,0.9207201399499509,-0.6715175678086744,-0.22554758745526815,-1.1174875481620812,1.6710184490319486,-0.5226936741191026,3.8647305721829985,1.8362476065035214,-0.8429997241241356,4.515494937131177
Qwen3-8B,cross_model_relational_v2:confirmatory:070:48bc6b673b16,color,1,1.4593439775352905,0.8912716904117408,0.5680722871235497,1.283777731198021,0.31190363675643784,0.9718740944415831,3.2092719654233934,2.3261755139314646,0.8830964514919288,2.4634985046357305,-2.6494007430017734,5.112899247637504,2.2548361519329645,-2.8178560370619907,5.072692188994955,0.3774671499962863,0.17556624633726958,0.579368053655303,-1.5924159057039136,-1.7499279878881029,-1.4349038235197238,1.2682589531565376,-1.00415452710044,3.5406724334135142,1.4568177765380281,-0.795492174397674,3.7091277274737315
Qwen3-8B,cross_model_relational_v2:confirmatory:071:054ab158297b,color,1,1.785863055510089,1.747985423463427,0.03787763204666206,1.6971940655865394,0.4905440052174308,1.2066500603691086,3.006567444670238,2.5287640356875984,0.4778034089826395,3.132580215619203,-2.963265776464391,6.095845992083594,1.5404303110657596,-3.561224183668613,5.1016544947343725,0.6730552040847728,0.08866898992354955,1.257441418245996,-1.0007415006921603,-1.220704389160149,-0.7807786122241716,1.6822670199093523,-1.346717160109114,4.711251199927817,2.7773211757881837,0.2454327444443294,5.30920960713204
Qwen3-8B,cross_model_relational_v2:confirmatory:072:f0eeba3bbba4,code,0,0.9333678311784297,0.6739937437329391,0.2593740874454906,1.2431977287252618,0.47821823045210454,0.7649794982731573,3.2936964210056097,7.8542466166477105,-4.560550195642101,1.8355940603187775,-4.661603160330637,6.497197220649415,1.4602946818966975,-2.6806185222773165,4.140913204174014,-0.05702719213299856,-0.3098298975468321,0.19577551328083453,-4.770290731370974,-2.36032858982718,-7.180252872914771,2.2166853374616133,-0.9022262291403478,5.335596904063577,1.4138427076459932,-0.5269268507182678,3.3546122660102555
Qwen3-8B,cross_model_relational_v2:confirmatory:073:e598a156d8c5,code,0,2.5195245432859,1.3144153441233009,1.205109199162599,2.202624574546163,4.089245669906996,-1.886621095360833,2.7877706832659133,7.452385644096766,-4.6646149608308525,2.4561345065686777,-3.233668811965452,5.68980331853413,1.5702118294530574,-3.2328926339674395,4.803104463420497,-1.228965178521979,0.31689996873973714,-2.774830325783695,-3.203108219976739,-0.26824613998001334,-6.137970299973465,2.3057370964029875,0.06339003671722221,4.548084156088753,2.7483103459617912,0.9493127138328425,4.547307978090741
Qwen3-8B,cross_model_relational_v2:confirmatory:074:e50fb16db029,code,1,0.8962489013408375,0.8255153748159341,0.07073352652490339,1.0432613011165435,2.332467344068458,-1.2892060429519145,2.6151888071973426,4.9370973333941865,-2.321908526196844,3.089689532585872,-3.775282805848417,6.864972338434289,1.6524667268111894,-2.593572819347476,4.2460395461586655,-0.826982184514115,-0.14701239977570602,-1.506951969252524,-2.915260932217379,-1.7189399058565051,-4.1115819585782525,1.2036787747096587,-2.1934406312450347,4.600798180664351,1.3314351843465295,-0.756217825470352,3.41908819416341
Qwen3-8B,cross_model_relational_v2:confirmatory:075:d0b084fcc615,code,1,2.331658750200666,2.156087720575908,0.1755710296247579,2.4250102313218314,2.462526471891527,-0.037516240569695825,3.9355647979610344,6.2206907152449515,-2.285125917283917,4.009609217162804,-2.6740121196483506,6.6836213368111554,4.18947401606667,-1.3866784208151848,5.576152436881856,-0.19989511621839195,-0.09335148112116531,-0.30643875131561904,-2.8342545212147066,-1.6039060477603684,-4.064602994669043,1.576074686631061,-1.6779504669621383,4.830099840224259,0.842475437762543,-1.8578152658660043,3.542766141391093
Qwen3-8B,cross_model_relational_v2:confirmatory:076:85c12ae51feb,label,0,1.2478188365919127,0.422331362228598,0.8254874743633147,0.4784863287725356,-0.20830847607261127,0.6867948048451469,4.336027709254735,5.872736733976263,-1.536709024721528,2.635441784271229,-4.352698232355131,6.98814001662636,2.843626317354364,-2.9664648624433267,5.810091179797691,0.6999861730602932,0.7693325078193771,0.6306398383012093,-4.269307122205243,-3.088208872662822,-5.450405371747665,1.6937033234522065,-1.3876229476793163,4.775029594583729,0.8964943719547382,-1.5958074807624514,3.3887962246719248
Qwen3-8B,cross_model_relational_v2:confirmatory:077:388608fb18ab,label,0,1.6903495750629256,1.011711090635476,0.6786384844274496,1.4540216788566944,1.380434344012163,0.0735873348445315,4.049112719012104,3.4297627243439663,0.6193499946681378,4.300659050115232,-2.1877286650544967,6.488387715169729,4.505334085032559,-1.1036657772124157,5.608999862244975,-0.06619767858522785,0.23632789620623118,-0.3687232533766869,-2.3884073888288353,-2.3587631439491785,-2.4180516337084903,0.29456514031883163,-2.610309475052307,3.1994397556899727,-0.3498038210608718,-2.8149845099696336,2.1153768678478917
Qwen3-8B,cross_model_relational_v2:confirmatory:078:2f7d89aaf487,label,1,1.1526230430443354,1.4734649067215457,-0.32084186367721035,1.0142025580752674,0.8538109655485027,0.16039159252676471,4.094965231706471,5.075342670688146,-0.9803774389816748,2.8845028512309265,-2.7852556034963527,5.66975845472728,3.135131373421678,-1.4660115359634505,4.601142909385128,0.37903721307105553,0.138420484969068,0.6196539411730431,-3.272109976314368,-2.9423421886621357,-3.6018777639666,1.2634203510156525,-1.7318798081865912,4.258720510217898,0.47848405615382594,-1.9825083303773425,2.939476442684996
Qwen3-8B,cross_model_relational_v2:confirmatory:079:4c6de93b671b,label,1,1.5696744742953213,0.7191542514692699,0.8505202228260513,2.554618735038088,1.1804471222694701,1.3741716127686177,3.283781906398521,5.02654328968235,-1.7427613832838293,3.8285443732851494,-3.5612978119068135,7.389842185191963,2.94584451626883,-4.693448409988532,7.639292926257362,-0.7231185657714834,-0.9849442607427665,-0.4612928708002002,-3.01074823515814,-1.7141074321031997,-4.30738903821308,1.0107910821931285,-2.258869898989828,4.280452063376083,2.0182163097421477,-1.3761700419735088,5.412602661457802
Qwen3-8B,cross_model_relational_v2:confirmatory:080:4f3a8e4aaf48,badge,0,2.554734983016819,2.3497964484234943,0.20493853459332456,1.494835659294604,0.738389356540611,0.7564463027539929,4.762242959161306,8.486784164537148,-3.724541205375843,5.784850323913018,-3.0787607526951684,8.863611076608187,5.1761518358606615,-2.582071276193281,7.758223112053942,1.3356532078025491,1.059899323722215,1.6114070918828833,-4.172247846129069,-2.2075079761444867,-6.136987716113654,1.0992209301112306,-3.230115340896199,5.428557201118663,1.155225435886468,-2.6214168528438426,4.931867724616776
Qwen3-8B,cross_model_relational_v2:confirmatory:081:ecc715b4b602,badge,0,2.6806640580266694,2.257537655413829,0.4231264026128403,1.1495184697565017,1.1647902615960368,-0.015271791839535087,5.121493109872919,8.252168693861147,-3.1306755839882285,3.922911187454317,-2.864155444744443,6.78706663219876,4.631153850391154,-1.4969918066194308,6.128145657010585,1.3119464910439802,1.5311455882701677,1.0927473938177923,-4.217730045146784,-2.4408290518462494,-5.994631038447318,1.9397229853653117,-1.2422471294276476,5.1216931001582715,0.9020198348343884,-1.9504897923644848,3.75452946203326
Qwen3-8B,cross_model_relational_v2:confirmatory:082:74d7abfd74a2,badge,1,3.349690611064436,1.678645575184221,1.6710450358802151,1.4772310150751675,2.183203667667269,-0.7059726525921013,6.198428098733917,10.607772568344181,-4.409344469610264,4.807012242104765,-3.007978269588136,7.814990511692901,6.621178576922608,-0.6932230118511584,7.314401588773766,0.6839507517531107,1.8724595959892687,-0.5045580924830477,-5.8889322404147215,-2.8487374876694807,-8.92912699315996,1.6146511068660137,-1.4573216310403287,4.686623844772357,-0.4498096894113961,-3.2714879658581717,2.3718685870353795
Qwen3-8B,cross_model_relational_v2:confirmatory:083:51fb13c74013,badge,1,2.23240254751306,2.2126065548962206,0.01979599261683962,1.5123817678877058,0.7300154314716201,0.7823663364160858,5.688955645598955,9.335070764973912,-3.646115119374957,4.420558353375229,-3.613377153977281,8.03393550735251,4.227766966610702,-3.1905729328295367,7.418339899440238,1.1013059515249775,0.7200207796253544,1.4825911234246005,-5.289508654081793,-3.4565530980858945,-7.122464210077691,1.818913951505666,-2.188155805862169,5.825983708873501,1.7039075343140575,-1.9953644190976414,5.403179487725757
Qwen3-8B,cross_model_relational_v2:confirmatory:084:3595342b4e18,color,0,3.6212446107227114,1.769046837294952,1.8521977734277595,1.7420113311943544,1.453012014022737,0.2889993171716174,4.474191468768803,4.071114356694416,0.4030771120743868,3.5361927094786,-2.2865453496984602,5.822738059177061,3.4981506242606817,-1.7514844145558968,5.249635038816578,1.097634051400286,1.879233279528357,0.316034823272215,-1.5775071887227776,-0.8529468580460913,-2.302067519399464,2.070322044118762,0.08505190124411133,4.055592186993412,1.8218126191564386,0.12309398646202974,3.5205312518508487
Qwen3-8B,cross_model_relational_v2:confirmatory:085:c119f91060f4,color,0,1.4277837692761843,1.3828562300532257,0.04492753922295867,0.7069010781643912,-0.01381089073276387,0.720711968897155,3.6583711631299582,2.1991615619280753,1.459209601201883,3.3399370163170268,-4.611356944081917,7.951293960398944,3.2265242044876548,-3.2421434587934637,6.468667663281119,1.0587749059488913,0.7208826911117932,1.3966671207859895,-1.523446362864312,-2.230587393853774,-0.8163053318748497,2.0410299635471505,-1.9121532470408424,5.994213174135143,1.4131296268176106,-1.7987404352114704,4.624999688846689
Qwen3-8B,cross_model_relational_v2:confirmatory:086:a7b84c890d84,color,1,2.250368161116591,2.302458981741328,-0.0520908206247368,2.063483659565979,1.8271194511842501,0.23636420838172878,4.028820475728474,2.9010644159304966,1.1277560597979774,3.6731949843519436,-2.747543252169616,6.42073823652156,3.2828152607430856,-2.795018308241912,6.077833568984998,0.331112016053845,0.1868845015506122,0.4753395305570778,-1.1885288744005256,-1.778452314611883,-0.5986054341891687,1.8135877053377958,-1.4228268232353525,5.050002233910944,2.0325150951783724,-1.0324470996264945,5.097477289983241
Qwen3-8B,cross_model_relational_v2:confirmatory:087:0fe7d8367de5,color,1,1.201484267130982,0.551542990068592,0.64994127706239,0.9700352351604193,0.8290575873237804,0.1409776478366389,2.726415367085684,2.899913119150883,-0.17349775206519924,2.809211219603221,-2.589083117659778,5.398294337262999,1.5405189319553214,-3.7555800890517754,5.296099021007096,-0.0230327826423129,0.23144903197056266,-0.27751459725518846,-1.9366506145184972,-1.5249310999547019,-2.348370129082291,0.7664495776280655,-1.6077269524722388,3.14062610772837,1.9840442071480147,-0.3390346648243394,4.307123079120368
Qwen3-8B,cross_model_relational_v2:confirmatory:088:8466cdfbbbba,code,0,1.4644704654424405,1.6533427742194635,-0.188872308777023,1.2325221981018673,1.8175248581450507,-0.5850026600431835,5.138690691716067,9.685466778820615,-4.546776087104548,3.1122250536723817,-2.720536894988386,5.832761948660767,1.868901289292011,-4.686938304575465,6.555839593867476,0.03388309170749326,0.23194826734057328,-0.1641820839255872,-5.853172115437389,-3.6742202262736265,-8.032124004601151,1.363062540488955,-1.6477545882299411,4.37387966920785,2.967925127472678,-0.4044308238495704,6.340281078794929
Qwen3-8B,cross_model_relational_v2:confirmatory:089:d12405bdd478,code,0,1.5308897920002202,1.6694681513828646,-0.1385783593826444,2.8147378895529847,2.3887188737398093,0.42601901581317536,5.335316670788652,8.884674187788644,-3.549357516999992,3.322484390044255,-3.294301425945088,6.616785815989343,4.705171436381855,-2.2792100226327863,6.984381459014641,-1.0015494099548543,-1.2838480975527644,-0.7192507223569446,-5.509816457597106,-3.8044268787884317,-7.215206036405779,1.5860874896419594,-1.7915945980440346,4.963769577327953,0.3871982648170085,-3.174281644381635,3.948678174015651
Qwen3-8B,cross_model_relational_v2:confirmatory:090:dbf2d5c050bd,code,1,2.080245164297166,2.490050425205036,-0.40980526090786995,2.2403312301199065,4.471665736455675,-2.2313345063357684,4.382768177704627,7.695372382721294,-3.312604205016667,4.3009922973271,-1.295006912822649,5.595999210149749,4.361245499998876,-2.060605200784641,6.4218507007835175,-1.070850688536689,-0.16008606582274032,-1.9816153112506387,-3.7539224854618594,-2.3025230134074604,-5.205321957516258,0.7821551024988764,-2.2207471330299335,3.785057338027685,1.1348276451439832,-2.28100033570171,4.550655625989677
Qwen3-8B,cross_model_relational_v2:confirmatory:091:b7a15fd28025,code,1,1.185774475190045,0.473825471496383,0.711949003693662,1.7038922463593709,1.2146738043519587,0.48921844200741216,2.2915889009691415,6.6269779497903905,-4.3353890488212485,2.574826144579007,-2.634360490991903,5.20918663557091,2.2724743549914703,-2.117484398885672,4.389958753877142,-0.6294830520124508,-0.5181177711693259,-0.7408483328555757,-3.6294834520365504,-1.1058144257790965,-6.1531524782940075,0.8595671465496624,-1.3890516693889619,3.108185962488286,0.7523049952903151,-1.0866998798014254,2.591309870382055
Qwen3-8B,cross_model_relational_v2:confirmatory:092:2a9462b19a8d,label,0,1.9406924578341185,2.0333792770286836,-0.09268681919456512,0.8666838737175055,0.25501505152626525,0.6116688221912403,3.7283277261797503,4.422236541411012,-0.6939088152312616,3.534586819671624,-3.2869347229554955,6.821521542627119,2.5988043395922467,-5.8932075507063795,8.492011890298626,1.4261864048095156,1.074008584116613,1.7783642255024183,-2.0882462663639805,-1.7876352683456318,-2.3888572643823283,1.8632098190733375,-1.5938943618375054,5.3203139999841795,3.6342374729884668,-0.6581118817581282,7.926586827735063
Qwen3-8B,cross_model_relational_v2:confirmatory:093:78592733e4c9,label,0,2.000138071118129,2.4494313280533238,-0.44929325693519484,2.5017280047917283,1.689287746195022,0.8124402585967063,5.130945805058631,5.845377297979099,-0.7144314929204683,3.505577376584343,-1.9175220083392106,5.423099384923553,4.377737260767596,-2.43634709956083,6.814084360328426,0.1292768240923512,-0.5015899336735994,0.7601435818583018,-3.2633768519331396,-3.130807733940502,-3.3959459699257755,1.4307570154631604,-1.505439305466214,4.366953336392534,1.2540896189823436,-2.377599189649467,4.885778427614154
Qwen3-8B,cross_model_relational_v2:confirmatory:094:eb5f5fadfd8e,label,1,2.394492150754787,2.321201943514703,0.07329020724008384,3.4630400339537886,3.006906190924059,0.4561338430297295,5.539281294597185,6.459585305029461,-0.9203040104322762,4.138676345145887,-3.1939772229465784,7.332653568092466,5.384810442571131,-3.5878965946240773,8.972707037195208,-0.877126065304179,-1.0685478831990016,-0.685704247409356,-3.6415862526785783,-3.144789143842398,-4.138383361514758,1.8854974860350913,-1.7441841943911003,5.515179166461282,1.4593901231612185,-2.990318291816344,5.90909853813878
Qwen3-8B,cross_model_relational_v2:confirmatory:095:aca4ff77d159,label,1,1.7675062579538503,1.1446162120993302,0.6228900458545201,2.2062453433108127,1.4986862089288753,0.7075591343819374,5.177778713315725,5.40472081707652,-0.2269421037607957,4.749974319435106,-1.6972181338573717,6.447192453292478,4.685476082337839,-1.552792178373961,6.2382682607118,-0.39640454109325374,-0.4387390853569624,-0.3540699968295451,-3.835188530169532,-3.4102724553618744,-4.26010460497719,-0.07031685776227681,-2.9824680614812555,2.841834345956702,-0.11028071695534969,-2.917969824383989,2.6974083904732913
Gemma 3 4B,cross_model_relational_v2:confirmatory:000:c9022556d2ae,badge,0,1.5265530838503727,1.2191801505786226,0.3073729332717501,1.1644359400655508,1.4752514225769353,-0.31081548251138447,4.37941549746124,2.1766910746822075,2.2027244227790326,1.6574508531378074,-2.4676496281920723,4.12510048132988,3.134423382020157,-3.776520044415024,6.910943426435181,0.053022935893254575,0.36211714378482185,-0.2560712719983127,-1.9051866688572263,-2.8528624136108673,-0.9575109241035848,1.7779660047416301,-0.13089776928743468,3.686829778770695,1.6939149484119314,-1.607870298169784,4.995700194993647
Gemma 3 4B,cross_model_relational_v2:confirmatory:001:4cbdd24d898e,badge,0,1.7227974654815448,1.8256308439587041,-0.10283337847715934,0.8797542687332394,1.3671451126405971,-0.48739084390735776,4.904267725307195,2.2511351976340075,2.653132527673187,3.9397243827756707,-2.72995622508628,6.669680607861951,4.291959255969163,-2.5568010259434946,6.848760281912657,0.6507644640332062,0.8430431967483054,0.458485731318107,-1.8034873067504766,-3.18147025982565,-0.42550435367530337,1.169330075875429,-2.216926917294126,4.555587069044984,0.90663503970729,-2.569161790487618,4.382431869902199
Gemma 3 4B,cross_model_relational_v2:confirmatory:002:54e6ed5ccc49,badge,1,1.5619035288437653,1.9811189542828922,-0.41921542543912693,2.816700217695165,2.04678358022384,0.7699166374713249,4.461045843879452,1.4255714992329098,3.035474344646542,3.244857401919127,-2.7440222068722395,5.9888796087913665,3.1416696634978134,-2.252451149363538,5.394120812861352,-0.6602306573961738,-1.2547966888513997,-0.06566462594094791,-1.1717974299928522,-2.8991423150356868,0.5555474550499824,1.521093644039885,-1.6829538730753617,4.725141161155132,1.3269019844961916,-1.5797661346540481,4.23357010364643
Gemma 3 4B,cross_model_relational_v2:confirmatory:003:5d9da20cea48,badge,1,3.026286387396082,2.2933806642644505,0.7329057231316316,1.7203806958092143,1.0034814222228299,0.7168992735863844,5.170896999118868,2.611755819303478,2.5591411798153896,4.127676514915888,-2.646636652922787,6.774313167838675,3.27871871050412,-2.8977856237331876,6.176504334237308,1.2979024668142443,1.3059056915868679,1.2898992420416207,-1.231492883380907,-2.1446106117227854,-0.31837515503902747,1.9193135948337159,-1.1013901275198057,4.9400173171872375,2.4693669824447997,-0.25243232310803787,5.191166287997638
Gemma 3 4B,cross_model_relational_v2:confirmatory:004:93aa264e1481,color,0,1.5496858300139538,1.326395979633844,0.22328985038010973,1.206189735536035,0.28524845985594194,0.920941275680093,3.3158608310741187,1.3682812287739878,1.9475796023001308,2.8156907822956994,-4.388520231546027,7.204211013841727,2.2104717352633836,-4.892429483084293,7.102901218347677,0.6923218071279105,0.34349609447791885,1.041147519777902,-0.9040301251001543,-1.766175001060165,-0.0418852491401438,2.224455629449063,-1.2660049522817456,5.7149162111798715,2.7790197787343547,-0.6607859052494298,6.218825462718137
Gemma 3 4B,cross_model_relational_v2:confirmatory:005:902c1d6c8204,color,0,1.328755288655418,2.9695179682106714,-1.6407626795552535,1.2670508589783567,1.142017765460956,0.12503309351740066,4.659577821374764,3.317099263072209,1.3424785583025551,2.9635088876447098,-3.6458490070271123,6.609357894671822,2.1111149613579827,-4.291991931021577,6.40310689237956,0.9446023162133883,0.061704429677061245,1.8275002027497154,-1.8392019137904425,-3.3308225327193464,-0.34758129486153777,2.490306688124246,-1.6347535989892918,6.615366975237784,3.2395751132648414,-0.7823596727025648,7.261509899232248
Gemma 3 4B,cross_model_relational_v2:confirmatory:006:c651a869b9f1,color,1,1.5362046118526766,1.6153541636130946,-0.07914955176041794,2.4577889742135524,2.074424745583433,0.38336422863011954,6.674505270965612,3.5065669373779134,3.1679383335876983,3.639879370155673,-4.025845224679815,7.6657245948354875,2.53743874943833,-3.4168975785470153,5.954336327985345,-0.690327472165607,-0.9215843623608757,-0.45907058197033823,-3.5147567164388764,-5.138300659112935,-1.8912127737648188,1.7687623149949565,-2.103674758302996,5.641199388292909,2.0155088022872283,-1.0012341375856533,5.03225174216011
Gemma 3 4B,cross_model_relational_v2:confirmatory:007:ce7f77e87582,color,1,1.3709614505029384,1.4764178231079668,-0.10545637260502838,1.6729001274362032,1.6814722661438823,-0.008572138707679144,5.644375699535598,5.256255989443618,0.38811971009197954,2.967109754045172,-2.911122980676651,5.8782327347218235,3.608668771659809,-1.9625113374988925,5.571180109158702,-0.2534965599845902,-0.3019386769332648,-0.20505444303591558,-4.026626207684156,-4.273414249032659,-3.7798381663356513,1.395696250121192,-1.5961483035422335,4.387540803784618,0.6006109197249929,-2.2377073211568708,3.4389291606068593
Gemma 3 4B,cross_model_relational_v2:confirmatory:008:eb4776f4309d,code,0,1.4161565895251549,2.4023248749375687,-0.9861682854124139,2.2034172582649827,1.5944835025589024,0.6089337557060803,6.408716412983476,3.8373803319846322,2.5713360809988437,3.125795147711268,-1.7733834896526006,4.899178637363869,3.1770460779706555,-3.1954651342523492,6.372511212223005,0.010290351819419286,-0.7872606687398278,0.8078413723786664,-3.213807640252693,-4.992559823458321,-1.4350554570470635,1.2330349032020282,-1.7096385581861133,4.17570836459017,1.9184502603722087,-1.7608894884455006,5.597790009189918
Gemma 3 4B,cross_model_relational_v2:confirmatory:009:d40bc78f1ab4,code,0,1.1232078522117313,0.8677529048446218,0.2554549473671095,1.019433754681331,0.8328545809638914,0.1865791737174396,7.013201609414379,3.931665529549864,3.081536079864515,1.4968230456061322,-2.8959719163683166,4.392794961974449,3.862472220600922,-4.6543994795059405,8.516871700106861,0.06933621070556528,0.10377409753040023,0.03489832388073033,-4.476953190953944,-5.889993757202648,-3.0639126247052424,1.6950548139092683,-0.37361519339440097,3.7637248212129384,1.3914440079806862,-2.7392643683891906,5.522152384350562
Gemma 3 4B,cross_model_relational_v2:confirmatory:010:735b88c4dc0b,code,1,2.3804368677889443,1.4985399227601253,0.881896945028819,1.97278551969411,1.9704730936159045,0.002312426078205476,6.763388871591857,4.096613400457688,2.6667754711341694,2.7130126409698914,-2.384926645333761,5.097939286303653,3.609146545209631,-3.731855428265661,7.341001973475292,-0.03214091138047248,0.4076513480948343,-0.47193317085577924,-3.490512740750237,-4.382952003802913,-2.5980734776975627,1.7754453974564695,-0.3325757731809471,3.8834665680938865,2.0008428368025495,-1.228709677420687,5.230395351025786
Gemma 3 4B,cross_model_relational_v2:confirmatory:011:e3bd46a95df7,code,1,1.784830324745533,1.0968242123491674,0.6880061123963657,0.6963853400084332,0.2870389066145371,0.4093464333938961,6.693871335310119,4.165070904570539,2.5288004307395795,1.6956274677464602,-0.971733967887944,2.667361435634404,4.232213338252134,-1.866054826805187,6.098268165057321,0.949115145235865,1.0884449847370998,0.8097853057346303,-3.98864385139298,-4.909041010564586,-3.068246692221372,1.0788805186180919,0.08920285699907282,2.0685581802371114,0.2577480128238774,-2.4473830135066006,2.9628790391543545
Gemma 3 4B,cross_model_relational_v2:confirmatory:012:5276d469dcc8,label,0,2.1697201176873895,1.813714081411602,0.35600603627578753,0.9915331539923216,1.5527544194028904,-0.5612212654105688,3.662997862909852,3.032438640000166,0.6305592229096857,2.8808119054426555,-1.8537859473486904,4.734597852791346,3.1498144962131347,-3.8225592291210138,6.9723737253341485,0.7195733128518897,1.178186963695068,0.26095966200871157,-1.3560011519055135,-1.4932777452224624,-1.2187245585885642,1.4782041205025132,-0.711091787755266,3.6675000287602924,2.3280894660034352,-0.9800943785257452,5.636273310532616
Gemma 3 4B,cross_model_relational_v2:confirmatory:013:86936a12b85d,label,0,1.0063003064272742,0.5016777594888335,0.5046225469384407,0.11442663303640721,0.7506973439248936,-0.6362707108884864,4.9519792347948375,3.2908329156415053,1.6611463191533322,1.7887923071919376,-2.0093243935713536,3.798116700763291,2.3899778206049946,-2.951723590846294,5.341701411451289,0.32142704447740345,0.891873673390867,-0.2490195844360601,-3.3674170422601177,-3.9456789283675633,-2.7891551561526717,0.8642550761477619,-0.7824920007646634,2.511002153060187,1.0348619180787044,-1.3836775141777204,3.4534013503351275
Gemma 3 4B,cross_model_relational_v2:confirmatory:014:62f291fa1978,label,1,1.4033173231278093,1.3244279439464215,0.07888937918138783,2.257302268113265,1.3956871558100978,0.8616151123031672,2.9441765922161602,3.5135005384409768,-0.5693239462248165,1.0789845663533821,-2.003969551773893,3.082954118127275,2.2245938254617776,-3.5670962857083106,5.791690111170088,-0.46262207842456604,-0.8539849449854557,-0.07125921186367634,-1.864965931791453,-1.540859269088351,-2.1890725944945553,1.8263651262473708,0.3243327567744272,3.3283974957203144,2.0351238636603823,-0.8212765023339683,4.891524229654732
Gemma 3 4B,cross_model_relational_v2:confirmatory:015:77035398e1b1,label,1,0.1989666084676669,0.6343874745352682,-0.43542086606760133,1.341638693328301,0.28279913508500787,1.0588395582432932,2.824347275089835,1.7933392208741186,1.0310080542157163,-0.025584570474025625,-2.709189004251276,2.6836044337772504,0.935430190465957,-3.6865615794412907,4.621991769907248,-0.3955418727051869,-1.1426720848606342,0.35158833945026036,-1.8921662064805091,-2.625380666622168,-1.1589517463388503,1.7840638288641184,0.22455117894169252,3.3435764787865443,1.7922427359891344,-0.7364635819982901,4.320949053976559
Gemma 3 4B,cross_model_relational_v2:confirmatory:016:486c1c8bd20a,badge,0,2.6055374992281495,2.766446330650453,-0.1609088314223035,2.750848852948841,2.705894270863621,0.04495458208521974,5.241129031599031,2.4523497346399834,2.7887792969590475,4.089075367639593,-2.799765054672557,6.88884042231215,4.324746178518985,-1.1744755844664398,5.4992217629854245,-0.04237964696692975,-0.14531135372069137,0.06055205978683187,-1.160747468180206,-2.6355915323708814,0.3140965960104696,2.0413367584557833,-1.4835378684114433,5.56621138532301,1.1108566179130288,-1.7192086792908352,3.940921915116893
Gemma 3 4B,cross_model_relational_v2:confirmatory:017:34deecbd239e,badge,0,1.6250817740142356,1.6640052840412984,-0.038923510027062846,1.4625994708514174,1.852856129070048,-0.39025665821863065,3.738209430589496,1.9404358476229335,1.7977735829665624,3.2774857364767582,-3.180485802843811,6.457971539320569,2.8566504453885386,-2.900668739112172,5.757319184500711,-0.013184270932965703,0.1624823031628182,-0.1888508450287496,-1.1947791100784477,-2.1131276565752604,-0.2764305635816351,1.5960435622112934,-1.6524039624625226,4.844491086885109,1.6665526758895837,-1.231568671374303,4.56467402315347
Gemma 3 4B,cross_model_relational_v2:confirmatory:018:21b4080d31cd,badge,1,1.895472763460238,1.7164844355223803,0.17898832793785768,2.3776547343283934,2.484523604921141,-0.10686887059274763,6.062222555849027,3.3954425400583967,2.66678001579063,3.302001049164999,-2.07015061847099,5.372151667635989,3.8450998206405904,-1.081967816102237,4.927067636742827,-0.625110570133458,-0.4821819708681554,-0.7680391693987607,-2.9228539484624023,-4.166749792388789,-1.6789581045360165,1.1900533841443046,-1.406528285704761,3.78663505399337,0.4244125972221324,-1.9496270571803525,2.7984522516246173
Gemma 3 4B,cross_model_relational_v2:confirmatory:019:58b11d92cc91,badge,1,2.4600455517809587,2.3660617704505604,0.09398378133039831,2.2652759137932676,0.7403360987647458,1.5249398150285218,4.309373268684864,2.898260740594935,1.4111125280899284,2.886464109421281,-3.602937836632676,6.489401946053957,2.9243876247503797,-3.1546229412056412,6.079010565956021,0.9102476548367529,0.1947696379876911,1.6257256716858146,-1.1907633435241398,-1.8493277169039049,-0.5321989701443748,2.771290524721457,-0.4264185576403223,5.968999607083236,2.52817131934339,-0.464342072969421,5.520684711656202
Gemma 3 4B,cross_model_relational_v2:confirmatory:020:a7d55e415b96,color,0,1.9521635398824477,1.6837033028034023,0.2684602370790454,1.9933223026358275,1.3448416768097866,0.6484806258260409,3.6881355030961416,3.3124949406243336,0.375640562471808,1.8832998793019438,-3.728203321624028,5.611503200925972,1.4760059607272105,-5.11889122327084,6.59489718399805,0.14885143162011794,-0.04115876275337982,0.3388616259936157,-1.682381800517312,-1.7359719632136938,-1.6287916378209313,2.740385142503967,0.06886366058050397,5.411906624427431,3.6393760526147414,0.47615757915523726,6.802594526074242
Gemma 3 4B,cross_model_relational_v2:confirmatory:021:b04ecd40eb47,color,0,2.4788725955555497,2.8288713840419493,-0.34999878848639954,1.2332741469631143,1.752838188412154,-0.5195640414490397,5.241524683188503,5.500861452791149,-0.25933676960264584,4.130342361105198,-1.0936830191554079,5.224025380260606,5.342211204138782,-1.3896317668287606,6.731842970967543,1.1608158221111151,1.2455984485924354,1.0760331956297953,-2.717321078191076,-2.7626520876329534,-2.6719900687491998,1.1355423188238543,-1.6514697655496482,3.922554403197357,0.6775822711437387,-2.8633386085832324,4.21850315087071
Gemma 3 4B,cross_model_relational_v2:confirmatory:022:1f39499f251f,color,1,1.855681551816554,1.7166141727987911,0.13906737901776278,3.203858992175059,1.745095195585674,1.458763796589385,3.830864041416337,3.2924573331309244,0.5384067082854127,2.202608074941562,-2.7968838708007224,4.999491945742284,4.040146651514069,-4.034173236925576,8.074319888439646,-0.6883292315726939,-1.348177440358505,-0.028481022786882804,-1.7755128249659577,-1.9751824895997832,-1.5758431603321332,2.0832857602372528,-0.34692652312500805,4.513498043599514,1.7831611550134245,-2.1844650996975155,5.750787409724367
Gemma 3 4B,cross_model_relational_v2:confirmatory:023:7016607f5099,color,1,0.9913796065014271,1.580906930242782,-0.589527323741355,1.3983027500788774,1.3550072500047552,0.043295500074122195,5.1920819930712945,3.1001079578818436,2.091974035189451,2.4600704744794673,-2.567616418791295,5.027686893270762,2.543146163730251,-1.5879736604045362,4.131119824134787,-0.09051173166971171,-0.4069231435774503,0.22589968023802687,-2.859951707104464,-4.200702386569867,-1.5192010276390615,1.3399162405280185,-1.4686908679780402,4.148523349034077,0.8085570167092482,-1.5517665572288237,3.1688805906473183
Gemma 3 4B,cross_model_relational_v2:confirmatory:024:22fca356799e,code,0,1.0734462787620043,1.0903300202152204,-0.01688374145321614,1.2197403480648141,2.7549749584313497,-1.5352346103665355,5.368257362467714,4.476270608587901,0.891986753879813,2.124906019761768,-0.19827126668590322,2.323177286447671,5.286038237829332,-2.8407720663307,8.126810304160031,-0.9054695037594698,-0.14629406930280986,-1.6646449382161292,-3.8403758360391955,-4.29481108370571,-3.385940588372681,0.11857077295067953,-1.0514597409997637,1.2886012869011236,-0.1407449362607034,-4.2125919590673275,3.9311020865459203
Gemma 3 4B,cross_model_relational_v2:confirmatory:025:86e650d39b67,code,0,2.2146012613328523,1.7944178590782291,0.42018340225462314,0.675990930998525,0.7160074105923799,-0.0400164795938549,8.848940920398672,6.461628166946946,2.3873127534517256,2.6896770901999014,-0.33605437096303126,3.0257314611629327,4.254058782385693,-1.1255961005744113,5.379654882960104,1.3085103894100882,1.5386103303343273,1.0784104484858492,-5.650774983467269,-6.6343396590658195,-4.667210307868717,0.8276982005871054,-0.47507582886704913,2.1304722300412604,0.44027821929989974,-2.0394575210528405,2.9200139596526404
Gemma 3 4B,cross_model_relational_v2:confirmatory:026:7035f942fd85,code,1,2.7458987917837874,2.969463488276282,-0.22356469649249444,1.541757530346941,4.635245136642897,-3.093487606295956,7.694272832559092,4.914315780135283,2.779957052423809,2.6141961015785617,-1.9641067503902039,4.578302851968766,3.9629928459840102,-4.412933775295141,8.37592662127915,-0.23082019346488458,1.2041412614368463,-1.6657816483666155,-3.4466131663171526,-4.948374040775304,-1.944852291859001,2.532636464435856,0.13170269020522563,4.933570238666485,3.082651604685599,-1.2170940542002229,7.382397263571423
Gemma 3 4B,cross_model_relational_v2:confirmatory:027:cc868c48b799,code,1,1.6685373194767399,1.4160971537447473,0.25244016573199257,0.9394700531439808,0.4331158529779735,0.5063542001660073,4.831361850689915,3.1719200167851773,1.6594418339047379,2.179368686458412,-1.9149628800900858,4.094331566548497,3.6572546911426156,-3.1431424958383234,6.800397186980939,0.8560242835497665,0.7290672663327591,0.9829813007667738,-2.4593236971268033,-3.1628245312131753,-1.75582286304043,1.410114333426581,-0.5108313669816722,3.331060033834833,1.2852611389585977,-1.9887173716658757,4.559239649583071
Gemma 3 4B,cross_model_relational_v2:confirmatory:028:d092710d2192,label,0,1.3299454818680685,0.8900012350754007,0.43994424679266775,0.7577382248313711,1.499400178260876,-0.7416619534295048,4.360852079398597,3.2006589940700385,1.160193085328559,2.097377904562137,-1.7744438096829587,3.8718217142450957,1.637207844287615,-2.7394137170021917,4.376621561289807,-0.018595843074388885,0.5722072570366974,-0.6093989431854752,-2.670782178262583,-3.030906597530529,-2.3106577589946378,0.9485063110321454,-0.7674324226940685,2.6644450447583594,1.661076294829023,-0.3072623624195465,3.6294149520775925
Gemma 3 4B,cross_model_relational_v2:confirmatory:029:6bde5bae57ea,label,0,1.9464806366602039,1.6014518793479082,0.34502875731229565,1.3547097224821592,0.4951552701702582,0.859554452311901,2.947599006079537,2.431810512942544,0.5157884931369932,2.9796306368009704,-2.37488816550524,5.3545188023062105,3.097799961173928,-3.177670448476375,6.275470409650303,0.8490337616778474,0.5917709141780447,1.10629660917765,-0.9157385015069845,-1.0011183694193333,-0.8303586335946358,1.4715950223561909,-1.0331500001407665,3.9763400448531483,1.8139015016552804,-1.1513193245137243,4.779122327824283
Gemma 3 4B,cross_model_relational_v2:confirmatory:030:e83677058465,label,1,1.5247748217966528,2.268216302545052,-0.7434414807483991,2.128124518410984,3.190862056286166,-1.062737537875182,4.775565218935501,4.403250068644734,0.3723151502907669,2.6542970258891962,-1.7181808177484488,4.372477843637645,3.466222926758487,-1.7842323739115842,5.250455300670071,-0.7629977251777227,-0.6033496966143312,-0.9226457537411141,-2.6929120816192653,-3.2507903971388483,-2.1350337660996823,1.4284374581004795,-1.1295222040925434,3.9863971202935007,1.0555002857474007,-1.9414481049618342,4.0524486764566365
Gemma 3 4B,cross_model_relational_v2:confirmatory:031:cd0ce3695cf2,label,1,2.0911424754976373,0.5394758879010686,1.5516665875965687,1.2439968441921154,1.2215338448537043,0.022462999338411116,4.229755877734998,3.1207156779201015,1.1090401998148969,1.180575626550607,-1.382508434061974,2.563084060612581,2.687435112519843,-3.315936718423834,6.003371830943677,0.08254383717644309,0.8471456313055219,-0.6820579569526357,-2.3599265961281977,-2.138613402237361,-2.581239790019033,1.4162755854550362,0.9105668489470302,1.9219843219630426,1.6295599846513484,-0.5962926370222057,3.8554126063249026
Gemma 3 4B,cross_model_relational_v2:confirmatory:032:2c988b530508,badge,0,0.1817304069933714,1.4878036078559287,-1.3060732008625573,1.4768834475275439,1.5940407583033247,-0.11715731077578084,4.722151821022635,2.1623636080905415,2.5597882129320935,2.429620419204266,-2.825269816715309,5.254890235919575,2.2038034492514447,-2.886942856758904,5.090746306010349,-0.7006950954907842,-1.2951530405341725,-0.10623715044739601,-2.607490707131938,-4.540421414029264,-0.6745600002346128,1.0325917061801717,-2.2478900122108945,4.313073424571238,1.1763367111783798,-2.0220730422580733,4.374746464614833
Gemma 3 4B,cross_model_relational_v2:confirmatory:033:55ffb8598341,badge,0,2.2712924248261332,1.6377926720035445,0.6334997528225887,2.1227527689902645,1.1458689212440465,0.9768838477462181,5.50371511239328,2.7074644778935144,2.7962506344997657,3.934055541987492,-3.7244746330054257,7.658530174992918,3.5912693943363037,-3.6425442383186226,7.233813632654926,0.32023170329768336,0.1485396558358687,0.491923750759498,-2.1510472467285577,-3.232422687567147,-1.06967180588997,1.8497520939238057,-1.6627631171613588,5.36226730500897,1.9801799704059997,-1.3199769695101704,5.280336910322167
Gemma 3 4B,cross_model_relational_v2:confirmatory:034:eed4ca5c914e,badge,1,2.8017693430582202,2.756373512815456,0.04539583024276439,3.6606148136186683,2.5577955362298246,1.1028192773888437,7.053820019223158,4.583450749069716,2.4703692701534425,4.846227185758609,-2.7696301412776068,7.615857327036216,4.133771792145974,-1.6136839480530414,5.747455740199015,-0.3301337469874084,-0.858845470560448,0.19857797658563126,-3.0395639562095997,-4.252050676164938,-1.8270772362542598,1.7407729056963372,-2.044457842700389,5.526003654093063,1.5190275058903713,-1.3320024490877538,4.370057460868497
Gemma 3 4B,cross_model_relational_v2:confirmatory:035:33c679cd7c9a,badge,1,2.1859972113452875,1.7252877343692017,0.4607094769760858,3.285213911128891,1.5449760010850806,1.7402379100438106,5.684271011965403,2.9216109529118315,2.7626600590535713,2.646279846652811,-3.608943067049866,6.255222913702677,3.9095117921752793,-4.505412979726582,8.414924771901862,-0.4594524832497413,-1.0992166997836037,0.1803117332841211,-2.3472985095813725,-3.4982738006201153,-1.1963232185426298,2.4369740830557722,-0.46028263530752334,5.334230801419068,2.2535930666328965,-1.7235145808299919,6.230700714095784
Gemma 3 4B,cross_model_relational_v2:confirmatory:036:72446b2fef1e,color,0,1.3821014153973517,2.6574787398708777,-1.275377324473526,2.5001643681304913,2.2449144438514184,0.2552499242790729,7.2314079345668505,4.640938887970341,2.5904690465965095,3.596493922220513,-2.175603557237077,5.7720974794575906,5.950677370096958,-3.480910192472996,9.431587562569954,-0.35274932835684014,-1.1180629527331396,0.4125642960194593,-3.9163833336344815,-5.849306519169499,-1.9834601480994634,1.3093448951423965,-2.2143925068231614,4.833082297107955,0.7849064888221333,-4.5685759546996065,6.138388932343874
Gemma 3 4B,cross_model_relational_v2:confirmatory:037:21600f514f83,color,0,2.7180463993253037,1.7580673561177367,0.959979043207567,2.4674018627307976,1.853423930971795,0.6139779317590026,8.186683611907817,3.768000742568591,4.418682869339227,3.1661698389894517,-3.5645916627798395,6.730761501769291,4.124320047689624,-3.55555501378035,7.679875061469974,0.07764398087022384,0.25064453659450603,-0.09535657485405835,-3.7392852995166836,-5.468637212582514,-2.009933386450854,2.4372677896167136,-0.448123439664148,5.322659018897577,1.953674360766883,-1.4062736483643201,5.313622369898087
Gemma 3 4B,cross_model_relational_v2:confirmatory:038:e391afc63af1,color,1,1.6721362760254719,2.126125474937031,-0.4539891989115592,1.9695141304905075,2.166055075865019,-0.19654094537451172,6.003629606988995,4.495192411995825,1.5084371949931699,3.3096490112852788,-2.5319377232832596,5.841586734568539,4.103962225691394,-2.595352534806915,6.699314760498309,-0.16865372769651188,-0.2973778544650356,-0.03992960092798814,-3.350280134011159,-4.331493330963523,-2.3690669370587942,1.5102752314802421,-1.637512735259807,4.65806319822029,1.1448260300390118,-2.431825949665922,4.7214780097439455
Gemma 3 4B,cross_model_relational_v2:confirmatory:039:bf376612709b,color,1,1.1955724701150388,2.30208858279523,-1.1065161126801915,3.3115211083183924,1.8807515810466384,1.430769527271754,6.253444922888966,3.314165513790674,2.939279409098292,3.9889852374030452,-3.129150834590788,7.118136071993833,2.8969488089988658,-2.5922402037460825,5.489189012744948,-0.8473058182273809,-2.1159486382033537,0.4213370017485918,-3.0349746918846856,-5.057872452773927,-1.0120769309954438,1.3189133250490053,-2.7934127672880065,5.431239417386019,1.596476223828744,-1.701376338883827,4.894328786541313
Gemma 3 4B,cross_model_relational_v2:confirmatory:040:7c08d93dad6d,code,0,1.8121159618950244,1.401915448658709,0.41020051323631535,1.845235783995494,1.98415158608252,-0.13891580208702603,9.25065527444769,3.5334816646310907,5.717173609816599,1.3705070114789715,-2.9795121684434216,4.350019179922393,5.019495049498795,-4.148453262399136,9.16794831189793,-0.3076779797621403,-0.0331198221004696,-0.582236137423811,-4.785052764262524,-7.438539312552665,-2.1315662159723816,2.411518283759092,0.44160895041605297,4.381427617102131,1.1714948117270385,-3.207379087603771,5.550368711057845
Gemma 3 4B,cross_model_relational_v2:confirmatory:041:8dfdf0501d2e,code,0,3.083576467741233,4.00314433006893,-0.919567862327697,3.496588224659803,5.015729064209303,-1.5191408395495003,9.260818558199844,8.058525811141108,1.2022927470587366,3.363731357019746,-2.5757167124560816,5.939448069475827,7.179052983121283,-4.398868995619507,11.57792197874079,-0.7127982455294712,-0.4130117569185696,-1.0125847341403729,-5.116311785765394,-6.177242090458611,-4.055381481072177,3.1493530766232496,-0.2801548892785126,6.578861042525012,2.153268405154195,-4.095476515380049,8.402013325688436
Gemma 3 4B,cross_model_relational_v2:confirmatory:042:d7f7c112af41,code,1,1.3350456629800966,2.064770017288894,-0.7297243543087975,2.3413207093833,0.9377585393276675,1.4035621700556327,9.55303369471958,5.487957561392418,4.065076133327163,2.665032714533928,-2.5950361693663133,5.260068883900241,5.568594714603378,-2.985882258776959,8.554476973380337,0.060368215779011525,-1.0062750464032035,1.1270114779612266,-5.820587787921504,-8.217988031739484,-3.4231875441035235,1.664909567550688,-1.3299870515538315,4.659806186655207,0.40855161222128666,-4.233549051623282,5.050652276065853
Gemma 3 4B,cross_model_relational_v2:confirmatory:043:32573b170749,code,1,1.2278983672341184,1.0690857353267544,0.15881263190736394,1.222850571644468,1.5081599603116107,-0.2853093886671427,6.305614954630412,2.7799057502390827,3.5257092043913296,1.7675036494047176,-2.9326869586717086,4.700190608076426,3.9819918361780413,-4.488375328985997,8.470367165164038,-0.21701321469760293,0.005047795589650406,-0.43907422498485627,-3.394268301154311,-5.077716587396294,-1.7108200149123283,1.7310837059139321,-0.5396052821705992,4.001772693998463,1.4016837976844152,-2.754093468943923,5.5574610643127516
Gemma 3 4B,cross_model_relational_v2:confirmatory:044:2b82a8728cc5,label,0,1.7744401727627492,1.1362987204312196,0.6381414523315296,0.421526279695688,0.9653937579966057,-0.5438674783009176,4.198693871711733,3.4101337250820367,0.7885601466296959,1.918076375748031,-0.8654014935792702,2.7834778693273012,2.650821356363423,-1.4024470405280076,4.053268396891431,0.7619094277508376,1.3529138930670612,0.17090496243461395,-2.3490443517999005,-2.4242536989489833,-2.273835004650817,0.929032005512604,-0.1436362029852818,2.00170021401049,0.8311822886792766,-0.8763811836006736,2.538745760959227
Gemma 3 4B,cross_model_relational_v2:confirmatory:045:17cb953adeae,label,0,1.2570211292440474,0.5731130451007189,0.6839080841433285,1.541240005358711,1.134533776434,0.406706228924711,3.508618854122848,2.756850878042386,0.7517679760804619,0.46449872638161294,-2.9976870529964517,3.4621857793780646,0.7611715868963636,-4.445775839274491,5.206947426170855,-0.4228198037239723,-0.28421887611466357,-0.5614207313332811,-2.2176677789102337,-2.2515977248788004,-2.183737832941667,2.181661250479802,0.7925224028624345,3.5708000980971706,2.757369213361447,0.49584954234768386,5.01888888437521
Gemma 3 4B,cross_model_relational_v2:confirmatory:046:e7924c8ea367,label,1,2.861172262444046,1.6648511111784723,1.1963211512655736,2.2112516209451556,2.3107591166914654,-0.0995074957463098,6.1279870231434845,4.06782258482575,2.0601644383177344,3.4729890249523594,-1.9600091975459293,5.432998222498289,2.9761165467104025,-2.8829489998238937,5.859065546534296,0.002006317992948592,0.6499206414988903,-0.6459080055129931,-2.8348931171733582,-3.2668147606994387,-2.402971473647278,1.506521773108044,-0.6118167625083135,3.6248603087244016,2.2164279133680047,-0.11494428426635661,4.547800111002366
Gemma 3 4B,cross_model_relational_v2:confirmatory:047:66f6e08ed635,label,1,1.3795673189427928,1.1026187942971388,0.276948524645654,1.4562943319152222,1.604473481817732,-0.1481791499025098,4.314812404652604,4.562191003611086,-0.24737859895848224,3.093601872889762,-2.673355567318259,5.766957440208021,4.55029200435043,-2.6859664734013364,7.2362584777517664,-0.28929085024651124,-0.07672701297242934,-0.5018546875205931,-3.197408647511879,-2.935245085709811,-3.459572209313947,1.0309699038342135,-1.714034553946969,3.775974361615398,0.3089302911454195,-3.170724685407637,3.7885852676984753
Gemma 3 4B,cross_model_relational_v2:confirmatory:048:4838fc0a7498,badge,0,1.55537123014442,1.0764859677250902,0.4788852624193298,1.8166733728475943,1.9079760873511002,-0.09130271450350591,3.735518516357928,1.4665748478445284,2.2689436685133995,1.9921862049830183,-2.700742380816193,4.692928585799211,2.452709921296596,-1.0983106130918854,3.5510205343884813,-0.5463961311645922,-0.2613021427031743,-0.83149011962601,-1.285118083166473,-2.180147286213508,-0.3900888801194382,1.6702066868513423,-0.4368149748385983,3.777228348541283,0.6387289448323998,-0.8973386911521759,2.1747965808169756
Gemma 3 4B,cross_model_relational_v2:confirmatory:049:073d7958e360,badge,0,1.5536440131295857,2.043799224340427,-0.4901552112108414,2.4828347260947226,1.9592018301507963,0.5236328959439263,4.6655602170233434,2.2841138801541856,2.381446336869158,3.144913733862512,-2.2504132918824844,5.395327025744996,3.090060648980148,-3.652324600976268,6.742385249956416,-0.42229665938775307,-0.9291907129651369,0.08459739418963075,-1.6761154298537582,-3.111916203893758,-0.24031465581375855,1.3514713977449926,-1.5912697207329263,4.2942125162229114,2.0798535947330663,-1.5364166358505624,5.696123825316695
Gemma 3 4B,cross_model_relational_v2:confirmatory:050:4c3a358c71eb,badge,1,2.3882247649591832,1.4679252579803759,0.9202995069788074,3.4348832570535155,2.1616082937837353,1.2732749632697802,5.380847070952951,2.739097132020513,2.6417499389324384,4.125355186088312,-3.9619222877337252,8.087277473822038,3.3056780863474673,-2.9627806183574723,6.26845870470494,-0.8701707639488458,-1.0466584920943323,-0.6936830358033594,-2.1318970900169525,-2.992622305993768,-1.271171874040137,1.8463585622924863,-1.7371304211291285,5.429847545714101,1.7566262774747816,-0.9174533213882841,4.430705876337848
Gemma 3 4B,cross_model_relational_v2:confirmatory:051:531b39a341b4,badge,1,1.4525719164462947,1.4591381899907994,-0.006566273544504675,2.062726718706732,1.0044573115867585,1.0582694071199734,4.9133033274785625,2.0458773995009154,2.867425927977647,2.0642784761807675,-3.135171630411404,5.199450106592172,2.8616039652027143,-3.5001285509319224,6.361732516134637,-0.07773696192819823,-0.6101548022604373,0.4546808784040408,-2.023735310271192,-3.460731411032268,-0.586739209510116,1.991301630333865,-0.6117065597344729,4.594309820402204,1.7751173460831513,-1.4090320487564196,4.959266740922722
Gemma 3 4B,cross_model_relational_v2:confirmatory:052:9cd88414cc65,color,0,1.4806148869392182,2.8438522060559066,-1.3632373191166884,3.064428203061124,2.3802891386832137,0.6841390643779102,5.30363637102187,3.8945634379424114,1.4090729330794587,3.4798697692773772,-1.7635949529254962,5.243464722202873,4.0423113377969955,-3.6972542549477465,7.739565592744742,-0.5601251243746064,-1.5838133161219057,0.4635630673726929,-2.4368663579845773,-3.823021484082652,-1.0507112318865048,1.3040961383216216,-1.999254882338159,4.607447158981403,1.9897050050729392,-2.5616964508577773,6.541106461003653
Gemma 3 4B,cross_model_relational_v2:confirmatory:053:4348b1aad1af,color,0,0.1691615547874692,0.8213317951887023,-0.6521702404012331,1.707975004177988,0.5022690988561864,1.2057059053218016,3.407383093776258,2.202464495166795,1.204918598609463,0.8809289782270762,-1.79105810196707,2.671987080194146,3.7565346262183708,-2.848705945160923,6.605240571379294,-0.6098753765290015,-1.5388134493905188,0.3190626963325158,-2.3096771194834407,-3.238221538988789,-1.3811326999780928,0.9503112368580826,-0.711767423439607,2.612389897155772,0.04133233445936213,-3.5873730714309016,3.6700377403496254
Gemma 3 4B,cross_model_relational_v2:confirmatory:054:3ea067b5dce7,color,1,2.2153399666870786,2.841753018978503,-0.6264130522914244,2.558576671064192,2.147746915270675,0.4108297557935172,5.131818489451794,4.342051316923937,0.7897671725278563,2.79713532281051,-1.7377603807407858,4.534895703551296,3.5158811073821257,-2.1915544042214155,5.707435511603541,0.1753846996653574,-0.3432367043771136,0.694006103707828,-2.2083884103550737,-2.916478522764715,-1.5002982979454345,1.9988590217979287,-0.5817953561234313,4.579513399719289,1.8663831412524363,-1.3005411406950471,5.033307423199918
Gemma 3 4B,cross_model_relational_v2:confirmatory:055:cb45e522fb09,color,1,1.753702603689712,2.320450182762615,-0.5667475790729029,2.2869846518664376,1.715472763858386,0.5715118880080516,5.936321178713815,3.169370939413946,2.766950239299869,2.228688630826764,-3.3259657611724105,5.554654391999175,3.146887991149213,-5.566404760391025,8.713292751540237,0.035847685363751935,-0.5332820481767255,0.604977418904229,-2.515769665837717,-4.182618575024103,-0.848920756651331,2.5857149583989867,-0.47498602713705207,5.646415943935025,3.24683477784707,-1.3931853874595008,7.88685494315364
Gemma 3 4B,cross_model_relational_v2:confirmatory:056:8b19d1dd9ec5,code,0,1.8647527727472042,1.5023240837388512,0.362428689008353,2.341679522509363,2.4614515086403945,-0.11977198613103157,5.232779647243211,3.455566458281578,1.7772131889616327,1.9020653837733583,-1.8586592383450546,3.760724622118413,2.6844332356089233,-2.1988521777414514,4.883285413350375,-0.7180270873318508,-0.47692674976215876,-0.9591274249015433,-2.6606346245193664,-3.3680268744960067,-1.953242374542727,1.6618353555288756,-0.03731261102615413,3.360983322083906,1.4407478993092915,-0.8196804628617191,3.7011762614803025
Gemma 3 4B,cross_model_relational_v2:confirmatory:057:ca5e087b9b78,code,0,2.8452248697781632,1.7442355515611974,1.1009893182169659,1.7189121152675737,0.6871187109492087,1.031793404318365,5.809902128181842,2.9268480490243687,2.8830540791574735,1.0488130308828008,-0.8479615496713921,1.896774580554193,3.316287126862252,-4.855074599392168,8.17136172625442,1.091714797561289,1.1263127545105895,1.0571168406119886,-2.0736448779334253,-2.964677258403679,-1.1826124974631713,2.194304470063976,1.7964118388953625,2.5921971012325895,3.064123946934638,-0.47106225708408855,6.599310150953365
Gemma 3 4B,cross_model_relational_v2:confirmatory:058:5d807a07d912,code,1,1.1104869844057825,1.866790125081569,-0.7563031406757865,1.83449044941886,2.015522595732479,-0.18103214631361908,5.787872215301949,3.201280232109484,2.5865919831924646,1.1483819234712112,-2.1884467800915663,3.3368287035627775,4.0617986149663,-5.134526462711382,9.196325077677681,-0.43636796783199383,-0.7240034650130776,-0.1487324706509101,-3.00593766896204,-4.677385230896166,-1.3344901070279152,2.0086709830538534,-0.03789493906542862,4.055236905173135,2.025002478616217,-2.951311630560517,7.001316587792951
Gemma 3 4B,cross_model_relational_v2:confirmatory:059:799e57dca7a2,code,1,2.5776193504280975,2.2997365124112656,0.2778828380168319,3.169016063940137,2.4872460991918866,0.6817699647482502,6.496290700856776,3.0262426401250972,3.470048060731679,1.927553501490714,-2.593731768147934,4.521285269638648,3.426290660728108,-4.20207125008612,7.6283619108142275,-0.3894531501463301,-0.5913967135120393,-0.1875095867806209,-2.322588739071255,-3.9186713504286788,-0.7265061277138316,2.7717670647482913,0.6500658489373836,4.893468280559199,2.826568226098688,-0.8486713103000105,6.501807762497386
Gemma 3 4B,cross_model_relational_v2:confirmatory:060:c6b468a69bae,label,0,1.1997313275980965,1.628402120451228,-0.4286707928531315,1.1820227005248487,0.8014730336675795,0.3805496668572692,3.165217015288361,1.537270716166819,1.6279462991215419,0.5376811012143574,-2.2871436149173454,2.824824716131703,2.3637622916474657,-3.9116351543473558,6.275397445994821,0.42231885692844817,0.01770862707324783,0.8269290867836485,-0.937177141702928,-1.9654856876902644,0.09113140428440891,2.288797980876156,0.6620502263837391,3.9155457353685734,2.1880031553746075,-1.1640309640493691,5.540037274798584
Gemma 3 4B,cross_model_relational_v2:confirmatory:061:2ec6eceb6ecf,label,0,1.5127814152923715,0.8692833632260726,0.643498052066299,1.106138490141774,1.882059800674682,-0.7759213105329081,3.3589700742504567,3.08854590864122,0.27042416560923677,1.0073025749264346,-3.8468556663566114,4.854158241283046,1.847781974281931,-3.860914182074228,5.708696156356159,-0.3030667561490059,0.40664292515059763,-1.0127764374486095,-2.0327256021866162,-1.8461886589580851,-2.2192625454151473,2.61080893497431,0.5054788403659369,4.716139029582684,2.197598493155371,-0.3350005589895595,4.7301975453003005
Gemma 3 4B,cross_model_relational_v2:confirmatory:062:9576c178260a,label,1,2.4427489745527335,0.6286485903637473,1.8141003841889862,1.4683779306679106,0.9160393188027047,0.5523386118652058,3.1181323405912607,2.3270737869659253,0.7910585536253354,2.9066018657509956,-0.8194781834029703,3.726080049153966,4.4128151556092226,-0.879695587888409,5.2925107434976315,0.3434901577229328,0.974371043884823,-0.2873907284389574,-1.1869042813203525,-0.6753833660385271,-1.698425196602178,0.4921369412842278,-0.463852891198262,1.4481267737667176,-0.23086100140216725,-1.970066181056489,1.5083441782521563
Gemma 3 4B,cross_model_relational_v2:confirmatory:063:66411d73bde5,label,1,2.8791461509946163,3.244116632118673,-0.3649704811240566,2.17415844963071,2.11582313805898,0.058335311571729775,4.942165666498781,4.274152503628036,0.6680131628707446,2.126068652569212,-0.9080102894308739,3.034078942000086,1.5810646293895667,-2.351383008497786,3.9324476378873525,0.9166405977117997,0.7049877013639065,1.128293494059693,-1.5465276935067638,-2.0630195155041644,-1.0300358715093632,2.452602209987476,0.7530774984254043,4.152126921549547,3.4467905811107538,1.2980815216050496,5.595499640616459
Gemma 3 4B,cross_model_relational_v2:confirmatory:064:6b7381fd4c31,badge,0,2.0349214933391284,0.5119019217077421,1.5230195716313863,0.7348661349569978,0.5904246412323992,0.14444149372459858,3.4159941560046545,2.221870587799511,1.1941235682051436,2.8688648568116193,-2.3241167091194135,5.192981565931033,4.072028252512792,-1.9009408778732277,5.97296913038602,0.6107663194287367,1.3000553583821306,-0.07852271952465717,-1.5455206643786474,-1.381072662665526,-1.7099686660917688,1.0010376336773321,-0.8339433634724909,2.8360186308271556,0.18786802020365245,-2.037106759173664,2.41284279958097
Gemma 3 4B,cross_model_relational_v2:confirmatory:065:753a28f21f76,badge,0,2.0085337201086455,2.0043319040758325,0.004201816032812999,2.27898350472645,0.7857074170434357,1.4932760876830145,3.943834913474615,1.8105102751837086,2.1333246382909063,3.9150264853875116,-3.670998550029987,7.5860250354174985,2.9002670041171124,-5.107527244814316,8.007794248931429,0.47408735120729606,-0.27044978461780467,1.2186244870323968,-0.8707397822369227,-1.9353011933659694,0.19382162889212395,1.8844188444134766,-1.9064927652788661,5.675330454105819,3.1100629324408393,-0.8917332840084669,7.111859148890148
Gemma 3 4B,cross_model_relational_v2:confirmatory:066:a8410a161dd0,badge,1,2.81609560507649,2.5470044012361406,0.26909120384034946,2.6663480853237296,2.6063533532508565,0.05999473207287309,5.250905846523278,3.2070196061846885,2.043886240338589,2.232885338371033,-1.8016491029670725,4.0345344413381055,4.285796847571785,-2.5257588612717927,6.811555708843578,0.04519928386902228,0.14974751975276046,-0.059348952014715906,-1.547412723197667,-2.4348102414467876,-0.6600152049485479,2.465931885454335,0.5832102667054571,4.348653504203213,1.8015310100063204,-1.4697012424952947,5.072763262507934
Gemma 3 4B,cross_model_relational_v2:confirmatory:067:387f8460d26c,badge,1,1.5589664682410689,1.6258134307795231,-0.06684696253845424,1.016333878591615,1.5245489685199418,-0.5082150899283269,3.1875067544210127,2.2221789835281056,0.9653277708929071,2.7682933327349435,-2.026672033921838,4.794965366656781,2.8562247539676187,-3.1151393462800603,5.971364100247679,0.3219485259545176,0.5426325896494539,0.1012644622595813,-1.1124529194642632,-1.6285402861799438,-0.5963655527485825,1.221579300103743,-1.2093268644938746,3.652485464701361,1.7218472456665164,-1.2972582857265498,4.740952777059583
Gemma 3 4B,cross_model_relational_v2:confirmatory:068:06b1f2d51c97,color,0,2.0414870463704675,1.7882810059257332,0.25320604044473427,1.73373011645909,1.0297725176383423,0.7039575988207476,4.2154126131991605,3.2706425429978943,0.9447700702012662,3.7870598453032427,-3.8139767957753374,7.60103664107858,4.298498625290713,-4.738649569297246,9.03714819458796,0.5331327090993843,0.3077569299113776,0.7585084882873909,-1.828143551950427,-2.173925566828693,-1.482361537072161,1.9283425013841478,-1.7455727989327752,5.602257801701071,2.1349594981513667,-2.2570115789202454,6.52693057522298
Gemma 3 4B,cross_model_relational_v2:confirmatory:069:4f10536694bc,color,0,0.3095242896537913,0.6440599590616847,-0.33453566940789337,0.8945526728354887,1.2410714063329316,-0.3465187334974429,5.1053730633048975,1.9533626907827357,3.1520103725221618,2.26186248776768,-2.7641993010086434,5.026061788776323,1.476243068083825,-2.4632214721099563,3.9394645401937813,-0.5910199152264721,-0.5850283831816974,-0.5970114472712469,-3.052575752686079,-4.795848773651106,-1.309302731721051,0.7279605309782196,-1.9523381981138885,3.408259260070328,0.9702813263708037,-1.1667187784300337,3.107281431171641
Gemma 3 4B,cross_model_relational_v2:confirmatory:070:48bc6b673b16,color,1,0.9081608124758551,1.09039151910072,-0.18223070662486496,0.5739930638108897,0.7690232629403937,-0.19503019912950403,3.355118724693253,2.324619058322513,1.0304996663707402,2.0187680899439235,-2.5305710809365696,4.5493391708804936,1.7634843302139913,-2.680474216606815,4.443958546820806,0.3277680024126459,0.33416774866496546,0.3213682561603264,-1.8405927257195955,-2.446957912217398,-1.2342275392217927,1.2551776612846104,-1.1106072774680684,3.6209626000372896,1.4577711089846992,-0.8553235177381362,3.770865735707535
Gemma 3 4B,cross_model_relational_v2:confirmatory:071:054ab158297b,color,1,0.9491029177436427,1.8988460979452002,-0.9497431802015575,0.27949875844467176,0.7911923248455048,-0.5116935664008331,4.18087813894058,3.098794363603136,1.082083775337444,3.657997257532614,-3.3340051992752446,6.9920024568078585,3.618747867356997,-4.439680995501553,8.05842886285855,0.8886289661993332,0.669604159298971,1.1076537730996954,-2.2158617434274364,-3.231775221196937,-1.1999482656579357,1.2619784787157364,-2.708894339788971,5.232851297220445,1.8344410719167006,-2.669644949613354,6.3385270934467535
Gemma 3 4B,cross_model_relational_v2:confirmatory:072:f0eeba3bbba4,code,0,1.4786335801281165,0.555473318608481,0.9231602615196355,1.4984518111665865,2.7512834797312147,-1.2528316685646281,4.910584658587218,3.303920824268315,1.6066638343189026,1.8955365822412413,-1.71197353676112,3.6075101190023613,4.7557321191285356,-6.354602810313319,11.110334929441855,-1.1078141960806018,-0.019818231038470024,-2.1958101611227336,-3.0901992920594674,-3.431951078459101,-2.748447505659834,0.9252719266282377,-0.4169030021131248,2.267446855369601,1.8164887949606912,-3.277098539000419,6.9100761289218005
Gemma 3 4B,cross_model_relational_v2:confirmatory:073:e598a156d8c5,code,0,2.2411186443482443,1.941764839105387,0.29935380524285726,2.668796648260523,1.3940179729125513,1.2747786753479717,6.820497708396,5.222148970646668,1.5983487377493324,3.899805930902639,-2.901513895875638,6.801319826778277,5.827675104531959,-6.951038440571913,12.778713545103873,0.06003443114027851,-0.4276780039122787,0.5477468661928357,-3.9298815977945187,-4.579379064047756,-3.2803841315412807,1.5922957242133156,-1.658687286554395,4.843278734981025,2.653123409746793,-3.586556460183715,8.892803279677299
Gemma 3 4B,cross_model_relational_v2:confirmatory:074:e50fb16db029,code,1,0.7294878835967644,0.7725673944559723,-0.043079510859207915,1.477655365378089,1.7589269726365124,-0.2812716072584234,6.7180924119682786,4.515007170029289,2.2030852419389895,1.9248512048477382,-1.257507259132007,3.182358463979745,3.2006180379225975,-4.351773051924081,7.552391089846678,-0.8672635299809324,-0.7481674817813246,-0.9863595781805401,-4.865522151972415,-5.988604528371514,-3.7424397755733168,0.4173556661685027,-1.1953633212509738,2.0300746535879792,1.3266051460271098,-2.471130154325833,5.124340446380053
Gemma 3 4B,cross_model_relational_v2:confirmatory:075:d0b084fcc615,code,1,1.8867430462134758,1.5862332008206268,0.300509845392849,0.4048599134639179,1.0019343059545278,-0.5970743924906099,6.198876059099298,5.401399181164557,0.7974768779347414,3.530266734169154,-0.5001999082289683,4.030466642398123,4.723313233557864,-3.397294377643293,8.120607611201157,1.0330910138078284,1.4818831327495579,0.584298894866099,-4.063649496614877,-4.312133012885822,-3.81516598034393,0.22145471054695776,-1.6435236879556783,2.086433109049595,1.073478695559765,-2.836570187344388,4.98352757846392
Gemma 3 4B,cross_model_relational_v2:confirmatory:076:85c12ae51feb,label,0,1.2002768243994693,1.2559909201480357,-0.05571409574856645,0.9607462055008211,0.7176585038766605,0.2430877016241606,3.3788332041131213,2.4703527383781787,0.9084804657349426,1.9966085670237534,-2.9832157542380493,4.979824321261803,4.1709097379661575,-1.8219227632764792,5.992832501242637,0.38893151758501165,0.23953061889864813,0.5383324162713752,-1.6964590989718973,-2.178556379713652,-1.214361818230143,1.7214374658809,-0.7963317426242842,4.239206674386085,0.05364038492891421,-2.9706329135666882,3.077913683424515
Gemma 3 4B,cross_model_relational_v2:confirmatory:077:388608fb18ab,label,0,1.6157415945764058,0.6982713025669405,0.9174702920094653,0.2742310401874368,0.70041106250806,-0.42618002232062313,4.460470739732212,4.3926580440527605,0.0678126956794518,3.3440012215829604,-2.1140783700759824,5.458079591658943,3.317317352559801,-1.6358923078531116,4.953209660412913,0.6696853972239247,1.341510554388969,-0.002139759941119479,-3.2695579433208133,-2.8447291451558065,-3.69438674148582,0.5420450228181841,-1.7282596270065547,2.812349672642923,0.31629392621832864,-1.7015757579833952,2.334163610420052
Gemma 3 4B,cross_model_relational_v2:confirmatory:078:2f7d89aaf487,label,1,1.9509092733645081,0.7143124780684538,1.2365967952960544,2.200708580131476,1.0480095520632187,1.1526990280682572,4.16410664952092,3.1401886026719,1.0239180468490199,3.214735452208574,-0.801139951259235,4.015875403467809,4.652435621666763,-2.7086558440951025,7.361091465761866,-0.2917481903808663,-0.2497993067669677,-0.3336970739947649,-2.319536750379929,-2.213197376156412,-2.4258761246034464,0.12581312524181154,-1.2638261788440657,1.5154524293276888,0.36072098693065024,-2.701526348302255,3.4229683221635563
Gemma 3 4B,cross_model_relational_v2:confirmatory:079:4c6de93b671b,label,1,0.25190438358641654,0.8519769842059501,-0.6000726006195336,1.0576541613183457,0.2588635143152107,0.798790647003135,2.4218200781754087,1.8924153292963135,0.5294047488790952,1.10730320946098,-2.7102078120092123,3.8175110214701924,2.088078457339816,-4.388424500493609,6.476502957833425,-0.10631815392059485,-0.8057497777319291,0.5931134698907394,-1.6051770198396778,-2.169915694588992,-1.0404383450903634,1.353392985170299,-0.8553988258745635,3.5621847962151625,1.7021137054730797,-1.8361740737533996,5.240401484699559
Gemma 3 4B,cross_model_relational_v2:confirmatory:080:4f3a8e4aaf48,badge,0,1.714769787595226,1.2231161956292151,0.4916535919660108,1.4710034611493725,1.427118665316697,0.04388479583267557,4.213508661045997,2.5709677551189465,1.6425409059270502,3.399993301361711,-1.7154854827562644,5.115478784117975,1.659466488707892,-3.241216065937008,4.9006825546449,0.019881928379185787,0.2437663264458534,-0.2040024696874818,-1.923295216470251,-2.4987388734507707,-1.3478515594897313,0.6266890823094973,-1.685223513766485,2.9386016783854796,2.2598177802267783,0.055303298887333874,4.4643322615662235
Gemma 3 4B,cross_model_relational_v2:confirmatory:081:ecc715b4b602,badge,0,2.108491257295948,1.9784749451786219,0.13001631211732612,1.541751965208963,1.16380323648076,0.37794872872820306,3.463240400753401,3.3600962258471037,0.10314417490629735,2.8172592174670417,-1.3482692963331866,4.165528513800228,2.736779964466985,-1.4149931674936607,4.1517731319606455,0.6907055003924234,0.5667392920869849,0.8146717086978619,-1.3681852120629672,-1.354749143457453,-1.3816212806684818,1.3089881406703574,-0.7087679601710937,3.3267442415118085,1.3825897027506224,-0.6282887071710368,3.3934681126722825
Gemma 3 4B,cross_model_relational_v2:confirmatory:082:74d7abfd74a2,badge,1,1.6899330180794205,2.128564295622387,-0.4386312775429664,2.5043033235055754,2.679203664266341,-0.17490034076076544,4.857465591816084,2.7242193270142563,2.1332462648018273,3.913307122400253,-2.371339523714572,6.284646646114825,5.859184001262916,-2.4662816344174487,8.325465635680365,-0.6825048370350544,-0.8143703054261549,-0.5506393686439539,-1.8815938025642662,-3.167532573736663,-0.5956550313918694,1.1382648575080632,-2.2233741043208326,4.499903819336959,0.21279747342816968,-4.169250983183495,4.594845930039836
Gemma 3 4B,cross_model_relational_v2:confirmatory:083:51fb13c74013,badge,1,1.5983521783027945,1.9924994293655596,-0.39414725106276505,1.3811624982764839,1.5923764544935697,-0.21121395621708583,6.5157388153370315,2.997368018087346,3.5183707972496854,3.759242342942965,-1.4232047757167101,5.182447118659676,4.525736984062392,-2.401812150556448,6.92754913461884,0.3086563274491503,0.21718968002631067,0.4001229748719899,-2.9611276128780117,-4.917386637034237,-1.0048685887217865,0.6274070202210498,-2.1608901646401706,3.4157042050822697,0.7334633870812055,-2.9273848057595973,4.394311579922007
Gemma 3 4B,cross_model_relational_v2:confirmatory:084:3595342b4e18,color,0,1.8593078734757285,2.3281492663293424,-0.4688413928536139,2.22089559856391,2.89309698185121,-0.6722013832873,4.820587449820886,3.0642123356883917,1.7563751141324944,3.914486515927007,-2.563503291366567,6.477989807293574,3.3852116877428564,-3.3078552927837697,6.693066980526626,-0.4632677203050246,-0.3615877250881816,-0.5649477155218676,-1.8486713228521023,-2.9612795763451576,-0.7360630693590493,1.4182369576223155,-2.0551786424512786,4.89165255769591,2.055050372422992,-1.525903814267128,5.636004559113112
Gemma 3 4B,cross_model_relational_v2:confirmatory:085:c119f91060f4,color,0,1.3288962617005051,1.3121827733897788,0.016713488310726277,1.1609819947340712,1.2253843238053914,-0.06440232907132026,5.258872780091136,1.9647844856415997,3.294088294449536,1.5448743436982504,-4.166458816106646,5.711333159804896,2.5088311904922396,-3.8579562095705926,6.366787400062832,0.1273563582754107,0.16791426696643397,0.08679844958438743,-2.2912891153212263,-3.929976518390631,-0.6526017122518208,2.63133175374934,-0.21597808199774526,5.478641589496425,1.995102027084318,-1.1799349287917344,5.170138982960371
Gemma 3 4B,cross_model_relational_v2:confirmatory:086:a7b84c890d84,color,1,0.8283534942516946,1.2655616264266256,-0.43720813217493104,1.5274712916661946,1.1575728365314593,0.3698984551347353,3.9085766641914983,1.4168683233337385,2.49170834085776,2.1581627498410696,-3.361520316582078,5.5196830664231475,1.119692875984411,-3.4240750427085036,4.5437679186929145,-0.2955645037596668,-0.6991177974145,0.10798878989516636,-1.6157649334234587,-3.0802231699398037,-0.15130669690711285,1.6486363437096643,-1.329809255589375,4.627081943008704,2.199148643701206,-0.29133938173271634,4.68963666913513
Gemma 3 4B,cross_model_relational_v2:confirmatory:087:0fe7d8367de5,color,1,1.493315801342269,0.5391280443857234,0.9541877569565456,1.0623657334538255,1.294375464873868,-0.23200973142004244,5.232228493174387,3.2746981493107237,1.957530343863663,2.5920534298913642,-4.352094478771658,6.944147908663022,1.7766518548862615,-3.6035245780384324,5.380176432924694,-0.16214867629985052,0.4309500678884435,-0.7552474204881445,-3.237241398378558,-3.738912691832118,-2.7355701049250003,1.896242447304143,-1.0987376285490953,4.891222523157381,1.9296582844400816,-0.2833360535439926,4.142652622424156
Gemma 3 4B,cross_model_relational_v2:confirmatory:088:8466cdfbbbba,code,0,1.288315716786114,1.9115745690312185,-0.6232588522451046,2.0904618064722245,1.5854704089357048,0.5049913975365197,5.131404160541683,3.595351161734366,1.536052998807317,2.6168112462625004,-2.2461665260904033,4.862977772352904,4.085401696142311,-4.605932532729696,8.691334228872007,-0.23802096479529844,-0.8021460896861106,0.3261041600955137,-2.763432518229358,-3.843088443755569,-1.6837765927031474,1.4146227828226174,-1.3284955294763865,4.157741095121622,1.8602105612023587,-2.797085979356197,6.5175071017609145
Gemma 3 4B,cross_model_relational_v2:confirmatory:089:d12405bdd478,code,0,1.6290209159802025,1.381230708575977,0.24779020740422553,1.4417751597439992,1.9993430128736005,-0.5575678531296013,8.357261902628103,8.820264567573911,-0.4630026649458081,4.1905265483973935,-0.4680791309719856,4.658605679369379,4.458012816886264,-2.1917262147891785,6.649739031675442,-0.2154332740307101,0.18724575623620332,-0.6181123042976235,-7.0836374228229175,-6.728240986647901,-7.439033858997934,-0.35609789643461376,-2.561505632417191,1.8493098395479626,0.3719825112295472,-2.828991900906061,3.5729569233651555
Gemma 3 4B,cross_model_relational_v2:confirmatory:090:dbf2d5c050bd,code,1,2.5236914150254037,1.8265864028045122,0.6971050122208915,2.5307210876417763,1.6297122224862761,0.9010088651555002,8.522768694326256,5.415295225993239,3.1074734683330174,1.047177799553975,-2.031885934572556,3.0790637341265312,3.9204687667615947,-3.5816550787249755,7.502123845486571,0.09492225385093178,-0.007029672616372551,0.1968741803182361,-4.7938930512447895,-5.999077279300852,-3.5887088231887265,2.6674929764242488,1.4765136154714287,3.8584723373770684,2.0057320648966486,-1.396777351736191,5.408241481529488
Gemma 3 4B,cross_model_relational_v2:confirmatory:091:b7a15fd28025,code,1,1.615841788762996,1.4875404425475827,0.12830134621541323,1.5526732435432713,2.009171434244166,-0.4564981907008949,8.055461811921578,3.33608741619929,4.719374395722288,1.6646635981558506,-2.334457245539725,3.9991208436955756,6.114656188139933,-3.4925010284627236,9.607157216602657,-0.22923122323842948,0.06316854521972459,-0.5216309916965836,-4.144083498405145,-6.439620023158582,-1.8485469736517075,1.8865879393472267,-0.04882180939285474,3.8219976880873077,0.24061353581668454,-4.498814399376937,4.980041471010306
Gemma 3 4B,cross_model_relational_v2:confirmatory:092:2a9462b19a8d,label,0,1.038368312001647,1.7949204396466332,-0.7565521276449862,1.2530247852325864,1.2656571568207697,-0.012632371588183311,4.0841812963845685,2.802820492942646,1.2813608034419226,2.319879766496073,-1.9931246838004948,4.313004450296567,3.3935428003099872,-2.9659215385970388,6.359464338907026,0.15730340479746197,-0.2146564732309395,0.5292632828258634,-2.026856518839467,-3.0458129843829216,-1.0079000532960127,1.2532668344763516,-1.2815114544944262,3.788045123447128,1.2028337449676654,-2.3551744883083403,4.760841978243672
Gemma 3 4B,cross_model_relational_v2:confirmatory:093:78592733e4c9,label,0,0.8728439834799797,1.285217416884871,-0.4123734334048912,0.9692231193519998,1.6699113147921203,-0.7006881954401205,3.7821429159281914,2.837153605131289,0.9449893107969025,1.0164808176165243,-2.1433954044730665,3.159876222089591,1.8143219477139247,-4.165440312426904,5.979762260140829,-0.24053651688963473,-0.09637913587202007,-0.3846938979072494,-2.230617560347315,-2.9092989324482117,-1.551936188246418,1.6424879936106964,-0.1436368341365446,3.4286128213579374,2.254589882538914,-0.941477964233945,5.450657729311775
Gemma 3 4B,cross_model_relational_v2:confirmatory:094:eb5f5fadfd8e,label,1,2.7735470540385876,4.062556035592589,-1.2890089815540016,4.18446340556735,3.049462493018316,1.1350009125490343,4.537570185175868,4.4042190783762045,0.13335110679966355,2.8755680336279767,-1.5008773706804455,4.376445404308422,3.79440644058598,-0.3651723232302917,4.159578763816272,-0.19891140447724487,-1.4109163515287628,1.013093542574273,-1.052843086960448,-1.7640231311372805,-0.34166304278361537,2.7307062133418234,-0.10202097958938916,5.563433406273035,1.7034344861377448,-1.0208593865473925,4.427728358822881
Gemma 3 4B,cross_model_relational_v2:confirmatory:095:aca4ff77d159,label,1,1.4761594158083682,1.6330836720434245,-0.15692425623505635,1.581718687170743,2.0460693681225486,-0.46435068095180565,4.573550982634368,3.785339954905962,0.7882110277284058,2.9397681529098474,-0.8629057073121329,3.8026738602219803,4.755633537606684,-1.2314091355802144,5.987042673186899,-0.2592724837207494,-0.10555927136237475,-0.41298569607912405,-2.624823924844269,-3.0973915668259995,-2.1522562828625373,0.5161903211270391,-1.4636087371014792,2.4959893793555574,-0.20749065708733827,-3.279474121798316,2.864492807623639
