model,history_id,R_superseded_marker0_all,R_superseded_marker0_aligned,R_superseded_marker0_reversed,R_superseded_marker1_all,R_superseded_marker1_aligned,R_superseded_marker1_reversed,R_entity_mention_marker0_all,R_entity_mention_marker0_aligned,R_entity_mention_marker0_reversed,R_entity_mention_marker1_all,R_entity_mention_marker1_aligned,R_entity_mention_marker1_reversed,marker_effect_superseded_all,marker_effect_entity_mention_all,marker_interaction_all,entity_minus_superseded_marker0_all,entity_minus_superseded_marker1_all,marker_effect_superseded_aligned,marker_effect_entity_mention_aligned,marker_interaction_aligned,entity_minus_superseded_marker0_aligned,entity_minus_superseded_marker1_aligned,marker_effect_superseded_reversed,marker_effect_entity_mention_reversed,marker_interaction_reversed,entity_minus_superseded_marker0_reversed,entity_minus_superseded_marker1_reversed
Qwen3-8B,relational_followups_v1:confirmatory:0000,3.0147214335443415,2.9721397054218626,3.0573031616668205,1.7410023595808641,1.96439004221906,1.5176146769426682,6.412232962992919,4.959409128885277,7.865056797100562,4.661905834490533,3.8346567064100627,5.489154962571002,-1.2737190739634774,-1.750327128502386,0.47660805453890864,3.397511529448577,2.9209034749096685,-1.0077496632028025,-1.124752422475214,0.11700275927241144,1.987269423463414,1.8702666641910026,-1.5396884847241523,-2.37590183452956,0.8362133498054076,4.807753635433741,3.9715402856283335
Qwen3-8B,relational_followups_v1:confirmatory:0001,3.659047256216658,3.695922583462041,3.622171928971275,3.245580354693864,3.59732632677723,2.893834382610498,5.4169690813638915,4.917441906112175,5.916496256615609,3.9167144659297284,3.6041754361956464,4.22925349566381,-0.41346690152279386,-1.5002546154341632,1.0867877139113693,1.7579218251472337,0.6711341112358644,-0.09859625668481087,-1.3132664699165284,1.2146702132317175,1.221519322650134,0.0068491094184164325,-0.7283375463607769,-1.6872427609517988,0.958905214591022,2.2943243276443344,1.3354191130533124
Qwen3-8B,relational_followups_v1:confirmatory:0002,3.590586045851089,3.7273501341042516,3.453821957597927,3.3177562994185608,3.3433232985899703,3.292189300247151,5.071773265771512,4.40254784348277,5.740998688060255,3.802820632294854,3.921561230365953,3.6840800342237547,-0.27282974643252844,-1.2689526334766579,0.9961228870441294,1.4811872199204226,0.48506433287629314,-0.3840268355142813,-0.480986613116817,0.09695977760253571,0.6751977093785184,0.5782379317759827,-0.16163265735077603,-2.0569186538365005,1.8952859964857245,2.287176730462328,0.39189073397660357
Qwen3-8B,relational_followups_v1:confirmatory:0003,3.6918058660387123,4.387902124763455,2.9957096073139686,3.5043579375445395,3.9450408650359723,3.0636750100531067,9.622310183102007,7.752650667665393,11.49196969853862,5.73197252100357,4.864178630428187,6.599766411578953,-0.1874479284941728,-3.890337662098437,3.7028897336042643,5.930504317063295,2.2276145834590304,-0.4428612597274828,-2.8884720372372064,2.4456107775097236,3.364748542901938,0.9191377653922146,0.06796540273913809,-4.892203286959667,4.960168689698805,8.496260091224652,3.5360914015258462
Qwen3-8B,relational_followups_v1:confirmatory:0004,3.005746375565609,3.6797819098866786,2.33171084124454,3.245560589242841,3.294996994164383,3.196124184321299,6.850240879351388,5.418874344210485,8.28160741449229,4.94755463615762,4.199166978458463,5.695942293856778,0.23981421367723188,-1.9026862431937674,2.1425004568709993,3.8444945037857785,1.7019940469147792,-0.38478491572229556,-1.219707365752022,0.8349224500297265,1.7390924343238061,0.9041699842940796,0.8644133430767589,-2.585665120635513,3.4500784637122717,5.9498965732477505,2.499818109535479
Qwen3-8B,relational_followups_v1:confirmatory:0005,2.6108810368907878,3.1464004055020283,2.075361668279548,2.2706324085360445,2.9611665909579417,1.5800982261141474,8.448001181278823,7.363157777459859,9.532844585097786,6.848243090765787,5.4930561894869285,8.203429992044645,-0.34024862835474323,-1.5997580905130357,1.2595094621582925,5.8371201443880345,4.577610682229743,-0.1852338145440866,-1.8701015879729308,1.6848677734288442,4.216757371957831,2.531889598528987,-0.49526344216540075,-1.3294145930531407,0.83415115088774,7.457482916818238,6.623331765930498
Qwen3-8B,relational_followups_v1:confirmatory:0006,3.561855726906495,3.572404284487729,3.5513071693252605,3.1204287682606453,3.3555702533765466,2.885287283144744,6.714403933040584,5.551075369750413,7.877732496330756,4.198195215067214,3.9311854152680983,4.465205014866328,-0.4414269586458497,-2.5162087179733703,2.0747817593275206,3.1525482061340893,1.0777664468065686,-0.2168340311111825,-1.619889954482315,1.4030559233711326,1.9786710852626843,0.5756151618915517,-0.6660198861805164,-3.412527481464428,2.7465075952839118,4.326425327005495,1.5799177317215838
Qwen3-8B,relational_followups_v1:confirmatory:0007,3.8058755735200034,4.096959759743019,3.5147913872969876,2.6131707119621597,3.0202535395829164,2.206087884341403,7.91388004133705,6.9840867114982705,8.843673371175829,4.0303824277549545,4.125660300963298,3.9351045545466117,-1.1927048615578437,-3.8834976135820956,2.690792752024252,4.108004467817047,1.4172117157927948,-1.0767062201601023,-2.858426410534973,1.7817201903748705,2.887126951755252,1.1054067613803813,-1.3087035029555847,-4.9085688166292165,3.599865313673632,5.328881983878841,1.7290166702052088
Qwen3-8B,relational_followups_v1:confirmatory:0008,2.306359617894535,2.180235632059035,2.4324836037300352,1.545014107014262,1.6657339132174096,1.4242943008111144,5.105129209736436,4.345957206551911,5.864301212920962,3.036804898984073,2.812126494448619,3.261483303519527,-0.7613455108802731,-2.068324310752363,1.3069787998720899,2.798769591841901,1.491790791969811,-0.5145017188416254,-1.533830712103292,1.0193289932616665,2.165721574492876,1.1463925812312095,-1.0081893029189208,-2.602817909401435,1.5946286064825141,3.4318176091909267,1.8371890027084126
Qwen3-8B,relational_followups_v1:confirmatory:0009,2.8257123753036653,3.451286113551695,2.2001386370556357,2.647994131948923,3.3959139104343725,1.9000743534634736,4.669396553476139,3.7736178440600816,5.565175262892196,3.325110815066226,2.7568099502442873,3.8934116798881644,-0.17771824335474218,-1.3442857384099125,1.1665674950551703,1.8436841781724733,0.677116683117303,-0.05537220311732227,-1.0168078938157943,0.961435690698472,0.3223317305083868,-0.6391039601900852,-0.3000642835921621,-1.6717635830040316,1.3716992994118695,3.3650366258365603,1.9933373264246907
Qwen3-8B,relational_followups_v1:confirmatory:0010,3.793239415356096,3.382940452953524,4.203538377758668,2.730715285424547,2.3812356082154755,3.0801949626336187,4.0069403521815055,2.8653199712194786,5.1485607331435315,3.098283620125471,2.85851935643126,3.338047883819682,-1.0625241299315489,-0.9086567320560346,-0.1538673978755143,0.21370093682540947,0.36756833470092376,-1.0017048447380485,-0.006800614788218695,-0.9949042299498299,-0.5176204817340455,0.47728374821578434,-1.1233434151250492,-1.8105128493238496,0.6871694341988004,0.9450223553848636,0.2578529211860632
Qwen3-8B,relational_followups_v1:confirmatory:0011,3.203523949064626,3.007014241081839,3.4000336570474134,2.781414204702475,3.42944973816578,2.1333786712391696,5.728360984527589,4.025224098158739,7.431497870896438,4.612363152517648,4.275923300637831,4.948803004397464,-0.4221097443621513,-1.115997832009941,0.6938880876477898,2.5248370354629626,1.8309489478151728,0.42243549708394124,0.25069920247909216,0.17173629460484907,1.0182098570768998,0.8464735624720507,-1.2666549858082439,-2.4826948664989743,1.2160398806907304,4.031464213849024,2.815424333158294
Qwen3-8B,relational_followups_v1:confirmatory:0012,3.5863564372896044,3.5134640151825733,3.659248859396634,2.7667005471186497,3.364479648594765,2.1689214456425345,6.4530810714118125,5.040627240032269,7.8655349027913575,5.074058952637374,4.537822105090187,5.610295800184561,-0.8196558901709547,-1.3790221187744383,0.5593662286034835,2.866724634122208,2.3073584055187246,-0.14898436658780856,-0.5028051349420828,0.35382076835427423,1.527163224849696,1.1733424564954218,-1.4903274137540996,-2.2552391026067964,0.7649116888526968,4.206286043394723,3.4413743545420266
Qwen3-8B,relational_followups_v1:confirmatory:0013,3.670854312630259,3.427042753136344,3.914665872124173,2.5980242657440753,2.521937521514514,2.6741110099736365,6.824337967639824,5.440976353898215,8.207699581381435,4.966770447890627,4.012636034411324,5.920904861369928,-1.0728300468861836,-1.857567519749197,0.7847374728630134,3.1534836550095653,2.368746182146552,-0.90510523162183,-1.4283403194868907,0.5232350878650607,2.0139336007618707,1.49069851289681,-1.2405548621505367,-2.286794720011507,1.0462398578609702,4.293033709257262,3.246793851396292
Qwen3-8B,relational_followups_v1:confirmatory:0014,4.284346991930125,3.9890560973406446,4.579637886519604,3.7039616331962515,4.130233998340384,3.277689268052119,5.834520959561244,4.882353296694518,6.786688622427972,4.712470900653932,4.601090833638052,4.823850967669812,-0.5803853587338734,-1.1220500589073126,0.5416647001734392,1.5501739676311193,1.00850926745768,0.1411779009997396,-0.28126246305646596,0.42244036405620555,0.8932971993538734,0.47085683529766786,-1.3019486184674856,-1.96283765475816,0.6608890362906745,2.2070507359083678,1.5461616996176932
Qwen3-8B,relational_followups_v1:confirmatory:0015,3.1622082900078374,3.1670528069126718,3.157363773103003,3.242433386444018,3.0352301344610906,3.449636638426945,4.761812240957209,4.094257607342126,5.429366874572293,3.8875356271024057,3.373443730733433,4.4016275234713795,0.08022509643618037,-0.874276613854803,0.9545017102909834,1.5996039509493714,0.645102240658388,-0.1318226724515812,-0.7208138766086929,0.5889912041571117,0.927204800429454,0.33821359627234227,0.2922728653239419,-1.0277393511009132,1.3200122164248551,2.2720031014692896,0.9519908850444345
Qwen3-8B,relational_followups_v1:confirmatory:0016,2.6567190036769412,2.7798858741165455,2.5335521332373365,2.5615577863575862,2.986402022133693,2.1367135505814794,6.863359586513439,4.873122189282086,8.853596983744788,4.568519322828954,3.7970997558383295,5.339938889819578,-0.09516121731935501,-2.2948402636844847,2.1996790463651297,4.206640582836497,2.0069615364713678,0.20651614801714757,-1.076022433443757,1.2825385814609045,2.093236315165541,0.8106977337046364,-0.39683858265585714,-3.5136580939252102,3.116819511269353,6.320044850507452,3.2032253392380987
Qwen3-8B,relational_followups_v1:confirmatory:0017,4.274402837741662,4.261675711925165,4.28712996355816,3.8864334365203774,3.9357646699756206,3.8371022030651343,7.41071108253125,5.94930753070951,8.872114634352993,6.286529552531329,5.079770036741225,7.493289068321432,-0.38796940122128465,-1.1241815299999214,0.7362121287786367,3.1363082447895883,2.4000961160109515,-0.3259110419495448,-0.8695374939682852,0.5436264520187404,1.6876318187843449,1.1440053667656045,-0.4500277604930254,-1.3788255660315611,0.9287978055385357,4.584984670794833,3.6561868652562977
Qwen3-8B,relational_followups_v1:confirmatory:0018,4.060641540036173,3.837827390245482,4.283455689826862,2.9151297414660253,3.310777440844789,2.5194820420872617,7.7148374388068985,5.892562324095738,9.53711255351806,5.072486376115751,4.979217229795626,5.165755522435874,-1.1455117985701473,-2.642351062691148,1.4968392641210007,3.654195898770726,2.1573566346497253,-0.527049949400693,-0.9133450943001113,0.3862951448994183,2.0547349338502556,1.6684397889508373,-1.7639736477396006,-4.371357031082186,2.6073833833425857,5.253656863691198,2.6462734803486123
Qwen3-8B,relational_followups_v1:confirmatory:0019,4.041053425084204,3.8527819083141788,4.229324941854229,3.0448537042707393,3.496252577943486,2.5934548305979925,5.185704945757429,4.256613319263403,6.114796572251456,3.941215969957384,3.6277769393725308,4.254655000542237,-0.9961997208134648,-1.2444889758000452,0.2482892549865805,1.144651520673225,0.8963622656866446,-0.3565293303706927,-0.6288363798908723,0.2723070495201796,0.40383141094922426,0.13152436142904467,-1.6358701112562368,-1.8601415717092191,0.2242714604529823,1.8854716303972268,1.6612001699442445
Qwen3-8B,relational_followups_v1:confirmatory:0020,2.337615544070414,2.3657722656770015,2.3094588224638266,2.5101092054740053,2.568017178712033,2.4522012322359776,6.443923478811319,5.290837060931357,7.59700989669128,4.780349837330768,4.3089549672080265,5.251744707453508,0.17249366140359124,-1.6635736414805518,1.836067302884143,4.106307934740905,2.2702406318567623,0.20224491303503145,-0.9818820937233301,1.1841270067583616,2.925064795254355,1.7409377884959936,0.14274240977215102,-2.3452651892377725,2.4880075990099235,5.287551074227453,2.79954347521753
Qwen3-8B,relational_followups_v1:confirmatory:0021,4.237785868736744,3.591397830147163,4.884173907326323,3.4977326020503012,3.7337153021068223,3.26174990199378,5.305653926650943,4.6348941442897935,5.9764137090120935,4.663548853236738,4.113626419603228,5.213471286870248,-0.7400532666864423,-0.6421050734142053,-0.09794819327223703,1.0678680579141995,1.1658162511864365,0.14231747195965916,-0.5212677246865658,0.663585196646225,1.0434963141426303,0.3799111174964054,-1.622424005332543,-0.7629424221418457,-0.8594815831906972,1.0922398016857704,1.9517213848764676
Qwen3-8B,relational_followups_v1:confirmatory:0022,2.0959507926821845,2.0173126628935245,2.1745889224708446,2.2223994276405574,1.8508534243837858,2.593945430897329,7.812780687273376,6.084732709639479,9.540828664907274,5.507926009169815,4.43493914045266,6.580912877886967,0.12644863495837289,-2.3048546781035615,2.4313033130619344,5.716829894591191,3.285526581529257,-0.16645923850973876,-1.6497935691868193,1.4833343306770805,4.067420046745955,2.5840857160688744,0.41935650842648453,-2.9599157870203063,3.379272295446791,7.366239742436429,3.986967446989638
Qwen3-8B,relational_followups_v1:confirmatory:0023,3.5935837812819846,3.2164334450017993,3.97073411756217,2.3232883590615465,2.3407439110837425,2.3058328070393506,4.542019168944416,3.455478385514719,5.62855995237411,4.632756233154589,4.085033770035636,5.180478696273542,-1.2702954222204381,0.09073706421017302,-1.3610324864306111,0.948435387662431,2.309467874093042,-0.8756895339180568,0.6295553845209172,-1.505244918438974,0.2390449405129198,1.7442898589518938,-1.6649013105228194,-0.4480812561005685,-1.216820054422251,1.6578258348119403,2.8746458892341913
Qwen3-8B,relational_followups_v1:confirmatory:0024,3.3034065814892117,3.4857723144041515,3.1210408485742724,2.621966133529517,2.5777429768123503,2.666189290246683,5.929108916724868,5.148589620800747,6.709628212648987,4.180027211695916,4.261169909643361,4.0988845137484695,-0.6814404479596949,-1.749081705028952,1.067641257069257,2.625702335235656,1.558061078166399,-0.9080293375918012,-0.8874197111573858,-0.02060962643441533,1.6628173063965956,1.683426932831011,-0.4548515583275896,-2.6107436989005173,2.1558921405729277,3.5885873640747143,1.4326952235017867
Qwen3-8B,relational_followups_v1:confirmatory:0025,3.6034914442782826,3.1265842805274513,4.080398608029114,2.2980079832298883,2.311832259751811,2.2841837067079656,4.069805897402842,2.818960658972225,5.320651135833459,4.037635223513354,3.2911123254690393,4.78415812155767,-1.3054834610483943,-0.03217067388948802,-1.2733127871589063,0.46631445312455977,1.739627240283466,-0.8147520207756402,0.4721516664968144,-1.2869036872724546,-0.3076236215552264,0.9792800657172283,-1.7962149013211484,-0.5364930142757887,-1.2597218870453597,1.240252527804345,2.4999744148497047
Qwen3-8B,relational_followups_v1:confirmatory:0026,3.560081263042581,4.243943027160381,2.87621949892478,2.8596001389698498,3.2280802732541094,2.49112000468559,7.436524725580478,5.600347406211886,9.27270204494907,4.5384591447166756,4.0225397487528305,5.054378540680519,-0.7004811240727311,-2.8980655808638023,2.197584456791071,3.876443462537897,1.6788590057468258,-1.015862753906272,-1.5778076574590552,0.5619449035527833,1.3564043790515043,0.7944594754987211,-0.3850994942391899,-4.21832350426855,3.8332240100293604,6.39648254602429,2.5632585359949287
Qwen3-8B,relational_followups_v1:confirmatory:0027,3.373745116262983,2.8526968387354383,3.894793393790527,2.722364376097358,2.6235526689357247,2.8211760832589907,6.055431014628251,4.575950618318926,7.534911410937578,5.296801220508293,4.208271330757281,6.385331110259305,-0.6513807401656249,-0.7586297941199582,0.10724905395433337,2.6816858983652683,2.574436844410935,-0.22914416979971364,-0.3676792875616446,0.13853511776193095,1.7232537795834872,1.5847186618215563,-1.073617310531536,-1.1495803006782737,0.07596299014673757,3.6401180171470515,3.564155027000314
Qwen3-8B,relational_followups_v1:confirmatory:0028,2.704839016968541,2.598070752734811,2.811607281202272,2.710141862279109,2.7000256499163253,2.720258074641893,5.885021509029973,4.201698076891395,7.568344941168553,4.270758532518391,3.246206140819294,5.295310924217488,0.005302845310568127,-1.614262976511582,1.61956582182215,3.180182492061432,1.5606166702392819,0.10195489718151451,-0.955491936072101,1.0574468332536155,1.6036273241565842,0.5461804909029686,-0.09134920656037915,-2.2730340169510646,2.1816848103906854,4.75673765996628,2.575052849575595
Qwen3-8B,relational_followups_v1:confirmatory:0029,3.4881974400607656,2.9427852296745387,4.0336096504469925,3.429647834642757,3.509350588781473,3.3499450805040407,9.285465090271192,6.180641712473981,12.390288468068405,6.746637104258671,5.159479809991991,8.33379439852535,-0.0585496054180088,-2.538827986012521,2.480278380594512,5.797267650210426,3.316989269615914,0.5665653591069342,-1.0211619024819898,1.587727261588924,3.237856482799442,1.650129221210518,-0.6836645699429518,-4.056494069543055,3.372829499600103,8.356678817621413,4.98384931802131
Qwen3-8B,relational_followups_v1:confirmatory:0030,4.140625595945751,3.851092049028728,4.430159142862775,3.003333395020225,2.4984201115414892,3.5082466784989608,4.4275040224138715,4.281393688667029,4.573614356160714,4.328939245893113,3.9424176017764045,4.715460890009821,-1.1372922009255264,-0.09856477652075846,-1.038727424404768,0.2868784264681201,1.325605850872888,-1.352671937487239,-0.3389760868906242,-1.0136958505966147,0.4303016396383006,1.4439974902349153,-0.9219124643638139,0.1418465338491064,-1.0637589982129203,0.14345521329793964,1.20721421151086
Qwen3-8B,relational_followups_v1:confirmatory:0031,2.7032886746548868,3.1350516375559905,2.2715257117537826,2.1739500805358576,2.3853294874181987,1.9625706736535165,5.645491058228783,4.708895101295241,6.582087015162328,3.840748326024965,4.179600586836699,3.5018960652132316,-0.5293385941190292,-1.8047427322038185,1.2754041380847894,2.9422023835738966,1.6667982454891073,-0.7497221501377918,-0.5292945144585417,-0.22042763567925006,1.5738434637392502,1.7942710994185003,-0.30895503810026614,-3.0801909499490963,2.77123591184883,4.310561303408545,1.5393253915597152
Qwen3-8B,relational_followups_v1:confirmatory:0032,4.274877572483421,3.9849799316407823,4.564775213326058,4.293491188178651,4.600160121368159,3.9868222549891437,7.102377755307625,5.892404015679518,8.312351494935733,5.414050965925555,5.110875401540638,5.717226530310473,0.018613615695230123,-1.68832678938207,1.7069404050773,2.8275001828242043,1.1205597777469043,0.6151801897273765,-0.78152861413888,1.3967088038662565,1.9074240840387358,0.5107152801724792,-0.5779529583369145,-2.59512496462526,2.0171720062883454,3.7475762816096747,1.7304042753213293
Qwen3-8B,relational_followups_v1:confirmatory:0033,3.804620557814572,4.2899018005224985,3.3193393151066455,2.988125422880687,2.8659532214231422,3.110297624338232,6.03018787297848,4.314332576975474,7.746043168981486,4.587886770851942,4.115794553862652,5.059978987841233,-0.8164951349338851,-1.442301102126538,0.6258059671926528,2.225567315163908,1.5997613479712554,-1.4239485790993562,-0.19853802311282198,-1.2254105559865343,0.024430776452975422,1.2498413324395097,-0.2090416907684136,-2.686064181140253,2.4770224903718394,4.426703853874841,1.949681363503001
Qwen3-8B,relational_followups_v1:confirmatory:0034,2.2419117775280446,1.3036049652976835,3.1802185897584057,2.0480547022055555,2.060137654985531,2.0359717494255802,5.299648708716442,4.171639831465603,6.4276575859672835,4.648442663082188,3.4613866521418193,5.835498674022554,-0.19385707532248908,-0.6512060456342548,0.4573489703117657,3.0577369311883977,2.600387960876632,0.7565326896878473,-0.7102531793237836,1.4667858690116309,2.8680348661679194,1.4012489971562885,-1.1442468403328254,-0.5921589119447299,-0.5520879283880955,3.247438996208878,3.7995269245969734
Qwen3-8B,relational_followups_v1:confirmatory:0035,4.468973634081394,4.1780372173487175,4.759910050814068,3.5372565696840943,3.691367999192277,3.3831451401759116,6.845279540686304,4.6078027543667055,9.0827563270059,5.099909047382733,4.097109436618957,6.10270865814651,-0.9317170643972994,-1.7453704933035716,0.8136534289062722,2.3763059066049106,1.5626524776986384,-0.4866692181564405,-0.5106933177477488,0.024024099591308357,0.42976553701798803,0.4057414374266797,-1.3767649106381565,-2.980047668859389,1.6032827582212326,4.322846276191831,2.719563517970599
Qwen3-8B,relational_followups_v1:confirmatory:0036,2.933208597769769,2.797975831996192,3.068441363543346,2.963377229692412,3.380187980523286,2.5465664788615383,5.475966061503147,4.311574924674958,6.640357198331336,4.4687854121693995,3.3691044221945514,5.568466402144248,0.030168631922643296,-1.0071806493337476,1.037349281256391,2.5427574637333783,1.5054081824769874,0.5822121485270939,-0.9424705024804068,1.5246826510075007,1.5135990926787661,-0.011083558328734533,-0.5218748846818078,-1.0718907961870885,0.5500159115052807,3.57191583478799,3.0218999232827093
Qwen3-8B,relational_followups_v1:confirmatory:0037,3.93974154319845,3.892739152167419,3.986743934229481,3.4291252106411876,3.6110558564655992,3.247194564816776,8.432280151366754,6.621793422964296,10.242766879769214,6.348476302737819,6.21060415321893,6.486348452256707,-0.5106163325572624,-2.0838038486289356,1.5731875160716733,4.492538608168305,2.919351092096631,-0.2816832957018196,-0.41118926974536585,0.12950597404354625,2.729054270796877,2.5995482967533308,-0.7395493694127051,-3.7564184275125063,3.016869058099801,6.2560229455397325,3.2391538874399313
Qwen3-8B,relational_followups_v1:confirmatory:0038,4.471669363076151,4.621159785389084,4.322178940763218,2.834308051217164,2.7312529884843038,2.937363113950024,4.975643046622428,3.007928726116994,6.943357367127861,3.3037727373895667,2.9471881804329847,3.6603572943461486,-1.637361311858987,-1.6718703092328617,0.034508997373874806,0.5039736835462776,0.4694646861724028,-1.8899067969047803,-0.060740545684009106,-1.8291662512207711,-1.6132310592720902,0.21593519194868094,-1.3848158268131936,-3.2830000727817126,1.898184245968519,2.6211784263646436,0.7229941803961246
Qwen3-8B,relational_followups_v1:confirmatory:0039,3.63506344555885,3.375850138680287,3.8942767524374133,3.3009937284789777,3.2607741826110734,3.341213274346882,6.683194391278452,5.602638929466781,7.763749853090123,4.722095671353534,4.826743594455337,4.617447748251731,-0.3340697170798723,-1.9610987199249177,1.6270290028450454,3.0481309457196017,1.4211019428745564,-0.11507595606921361,-0.7758953350114437,0.6608193789422301,2.2267887907864936,1.5659694118442635,-0.5530634780905315,-3.1463021048383917,2.59323862674786,3.8694731006527094,1.2762344739048492
Qwen3-8B,relational_followups_v1:confirmatory:0040,3.759101945809413,2.6182798214880663,4.899924070130759,1.9787787424655128,1.8563345076644522,2.1012229772665734,7.552262459721588,5.8257436581461395,9.278781261297036,4.666489622472927,4.253983161779376,5.078996083166477,-1.7803232033439,-2.885772837248661,1.1054496339047608,3.793160513912175,2.687710880007414,-0.7619453138236141,-1.571760496366763,0.809815182543149,3.207463836658073,2.3976486541149242,-2.798701092864186,-4.199785178130559,1.4010840852663726,4.378857191166277,2.977773105899904
Qwen3-8B,relational_followups_v1:confirmatory:0041,2.9306047812911538,3.267387336712776,2.5938222258695314,2.593218493579691,2.627854557673299,2.5585824294860835,9.538124639519808,6.9237892120578435,12.15246006698177,7.035362075297174,5.328342582078424,8.742381568515924,-0.3373862877114626,-2.5027625642226337,2.165376276511171,6.607519858228654,4.442143581717483,-0.6395327790394774,-1.5954466299794197,0.9559138509399423,3.6564018753450673,2.700488024405125,-0.035239796383447874,-3.4100784984658468,3.374838702082399,9.55863784111224,6.183799139029841
Qwen3-8B,relational_followups_v1:confirmatory:0042,3.9849342273228037,4.176180334915189,3.793688119730418,2.605957524141678,2.84902256291305,2.362892485370306,6.684080862715942,5.64566005783229,7.7225016675995946,6.5965138673383645,5.351415777200234,7.841611957476496,-1.3789767031811255,-0.0875669953775775,-1.291409707803548,2.6991466353931384,3.9905563431966864,-1.3271577720021392,-0.2942442806320562,-1.032913491370083,1.469479722917101,2.502393214287184,-1.4307956343601118,0.1191102898769012,-1.549905924237013,3.9288135478691766,5.47871947210619
Qwen3-8B,relational_followups_v1:confirmatory:0043,4.982012248027303,5.005227374504976,4.95879712154963,4.0457286116018825,3.8139761488971633,4.277481074306602,10.870177428666413,9.064198422131472,12.676156435201355,6.795802228443905,5.915861492207289,7.675742964680521,-0.9362836364254203,-4.074375200222508,3.1380915637970874,5.88816518063911,2.7500736168420223,-1.1912512256078127,-3.1483369299241835,1.9570857043163707,4.058971047626496,2.1018853433101254,-0.681316047243028,-5.000413470520834,4.319097423277806,7.717359313651725,3.3982618903739192
Qwen3-8B,relational_followups_v1:confirmatory:0044,3.500614717390345,3.5925202336961055,3.408709201084584,2.759536132155608,3.2359402131271118,2.2831320511841042,8.622252459202894,6.113655908223059,11.130849010182725,4.710992566409864,4.068113677241887,5.353871455577841,-0.741078585234737,-3.91125989279303,3.170181307558293,5.121637741812549,1.951456434254256,-0.35658002056899374,-2.045542230981172,1.6889622104121784,2.5211356745269535,0.8321734641147751,-1.1255771499004799,-5.776977554604884,4.651400404704404,7.722139809098142,3.070739404393737
Qwen3-8B,relational_followups_v1:confirmatory:0045,3.8774390170298365,4.092641116860523,3.66223691719915,3.1156710855650536,3.16080762238572,3.070534548744387,5.404993330597103,4.23171581309949,6.578270848094717,4.867826093317283,4.20724538739723,5.528406799237335,-0.7617679314647829,-0.53716723727982,-0.22460069418496298,1.5275543135672662,1.7521550077522292,-0.9318334944748026,-0.0244704257022601,-0.9073630687725425,0.13907469623896773,1.0464377650115102,-0.5917023684547629,-1.0498640488573816,0.45816168040261873,2.916033930895567,2.457872250492948
Qwen3-8B,relational_followups_v1:confirmatory:0046,2.997526086868489,3.048286971873008,2.9467652018639714,2.263966126408347,2.4824282545292258,2.045503998287468,7.097871685430845,6.358383477920855,7.837359892940835,4.937953522405431,4.186901962456973,5.689005082353889,-0.7335599604601422,-2.159918163025414,1.4263582025652717,4.100345598562356,2.6739873959970843,-0.5658587173437821,-2.1714815154638814,1.6056227981200992,3.310096506047847,1.7044737079277477,-0.9012612035765035,-2.1483548105869463,1.2470936070104428,4.890594691076863,3.643501084066421
Qwen3-8B,relational_followups_v1:confirmatory:0047,2.454027764660104,2.957409121575603,1.950646407744605,2.241170961847618,2.5049574713497487,1.977384452345487,6.025393490720948,4.529267353750327,7.5215196276915695,3.455662100776566,3.166283528326192,3.7450406732269403,-0.2128568028124862,-2.5697313899443817,2.3568745871318955,3.5713657260608436,1.214491138928948,-0.45245165022585443,-1.3629838254241347,0.9105321751982802,1.5718582321747236,0.6613260569764434,0.026738044600882027,-3.776478954464629,3.803216999065511,5.570873219946964,1.7676562208814532
Qwen3-8B,relational_followups_v1:confirmatory:0048,2.7047590151951324,2.586772921222276,2.8227451091679887,2.6682645589590743,2.5976506893904707,2.738878428527678,6.386015454407639,5.3152624896140255,7.4567684192012536,3.804745002173002,3.756634788528472,3.852855215817532,-0.03649445623605807,-2.5812704522346372,2.544775995998579,3.6812564392125067,1.1364804432139275,0.010877768168194635,-1.5586277010855536,1.5695054692537482,2.7284895683917494,1.1589840991380012,-0.08386668064031078,-3.6039132033837213,3.5200465227434106,4.634023310033265,1.1139767872898543
Qwen3-8B,relational_followups_v1:confirmatory:0049,3.7102746658613177,3.9736661623865928,3.4468831693360427,3.18305559173878,3.6838449316633435,2.682266251814217,6.9585538178532,5.223721276372771,8.693386359333626,5.791424507715957,4.699554850511699,6.8832941649202155,-0.5272190741225375,-1.1671293101372422,0.6399102360147046,3.248279151991882,2.6083689159771772,-0.2898212307232493,-0.5241664258610719,0.2343451951378226,1.2500551139861784,1.0157099188483558,-0.7646169175218258,-1.8100921944134107,1.045475276891585,5.246503189997584,4.201027913105999
Qwen3-8B,relational_followups_v1:confirmatory:0050,3.641021159933438,3.7187924316735987,3.563249888193278,3.309247306732264,3.7445514506895803,2.873943162774948,7.208189727107325,5.443945995009703,8.97243345920495,5.393235749711748,4.147595804161909,6.638875695261585,-0.3317738532011738,-1.8149539773955778,1.483180124194404,3.5671685671738875,2.0839884429794835,0.025759019015981544,-1.296350190847794,1.3221092098637754,1.7251535633361046,0.40304435347232914,-0.68930672541833,-2.3335577639433653,1.6442510385250353,5.409183571011672,3.764932532486637
Qwen3-8B,relational_followups_v1:confirmatory:0051,3.627766561697184,3.4457005690265525,3.8098325543678153,3.1929577464694043,3.26587079820675,3.1200446947320586,6.626337315350494,5.291389972083703,7.961284658617284,4.920757639263584,4.554843234554725,5.286672043972445,-0.4348088152277798,-1.7055796760869093,1.2707708608591295,2.9985707536533095,1.72779989279418,-0.17982977081980245,-0.736546737528978,0.5567169667091756,1.8456894030571505,1.2889724363479749,-0.6897878596357567,-2.6746126146448397,1.984824755009083,4.1514521042494685,2.166627349240386
Qwen3-8B,relational_followups_v1:confirmatory:0052,2.9907363275415864,3.1473838626375636,2.834088792445609,2.5665476916166003,2.655097814669225,2.4779975685639757,6.3181962695939,5.3122654731307914,7.324127066057006,5.140825476642888,4.467168233067813,5.8144827202179625,-0.424188635924986,-1.1773707929510113,0.7531821570260253,3.327459942052313,2.574277785026288,-0.49228604796833864,-0.8450972400629784,0.35281119209463974,2.164881610493228,1.812070418398588,-0.3560912238816334,-1.5096443458390434,1.15355312195741,4.490038273611397,3.336485151653987
Qwen3-8B,relational_followups_v1:confirmatory:0053,3.4761053605098375,3.5312609180748673,3.420949802944808,2.732191753111946,2.904766120775853,2.5596173854480386,5.133816715755934,3.997407721325978,6.27022571018589,4.66045629671418,4.327928001026288,4.99298459240207,-0.7439136073978916,-0.47336041904175374,-0.27055318835613784,1.6577113552460965,1.9282645436022343,-0.6264947972990145,0.3305202797003104,-0.9570150769993249,0.4661468032511107,1.4231618802504356,-0.8613324174967696,-1.2772411177838192,0.4159087002870496,2.8492759072410814,2.4333672069540317
Qwen3-8B,relational_followups_v1:confirmatory:0054,3.4791668144852776,2.5819099936534213,4.376423635317134,2.3083243961094952,2.7799338807201854,1.836714911498805,5.127714612072646,3.8707232799514437,6.384705944193849,4.247071634040166,3.785097232550526,4.709046035529806,-1.1708424183757824,-0.8806429780324798,-0.2901994403433026,1.6485477975873684,1.938747237930671,0.1980238870667641,-0.08562604740091784,0.28364993446768194,1.2888132862980224,1.0051633518303404,-2.539708723818329,-1.6756599086640431,-0.8640488151542858,2.0082823088767148,2.8723311240310005
Qwen3-8B,relational_followups_v1:confirmatory:0055,3.2337851920314633,2.642373484290241,3.8251968997726857,3.1946843029876058,3.3880693691699797,3.001299236805232,5.176897338597855,3.753436658027953,6.600358019167759,3.7290124123475943,3.3086346949736942,4.149390129721494,-0.039100889043857556,-1.4478849262502607,1.408784037206403,1.9431121465663916,0.5343281093599885,0.7456958848797388,-0.44480196305425856,1.1904978479339974,1.111063173737712,-0.07943467419628547,-0.8238976629674539,-2.4509678894462645,1.6270702264788106,2.775161119395073,1.1480908929162625
Qwen3-8B,relational_followups_v1:confirmatory:0056,2.989825506229629,3.026351723795011,2.9532992886642466,3.0747342291267308,3.105427387029465,3.044041071223997,5.149535830697067,3.664320454796469,6.634751206597666,3.612231308764702,2.761425160485569,4.463037457043836,0.08490872289710172,-1.5373045219323647,1.6222132448294664,2.159710324467438,0.5374970796379714,0.07907566323445403,-0.9028952943109001,0.9819709575453541,0.6379687310014579,-0.34400222654389623,0.0907417825597503,-2.17171374955383,2.2624555321135804,3.681451917933419,1.4189963858198387
Qwen3-8B,relational_followups_v1:confirmatory:0057,4.948962481365159,4.485419515128411,5.412505447601907,3.8188584717060583,3.9405775967169507,3.697139346695166,4.882919996892658,3.5942215028725615,6.171618490912755,4.880934710672834,3.574549230799847,6.187320190545821,-1.1301040096591008,-0.0019852862198241894,-1.1281187234392767,-0.06604248447250072,1.062076238966776,-0.5448419184114606,-0.019672272072714492,-0.5251696463387461,-0.8911980122558498,-0.36602836591710375,-1.7153661009067411,0.015701699633065225,-1.7310678005398064,0.7591130433108484,2.4901808438506547
Qwen3-8B,relational_followups_v1:confirmatory:0058,3.581930454547595,3.5500952017067045,3.6137657073884855,2.4369333394229384,2.895933978294286,1.977932700551591,7.534331432102576,6.023537362639497,9.045125501565657,4.994555982268748,4.483319364638076,5.505792599899423,-1.1449971151246565,-2.5397754498338276,1.3947783347091711,3.952400977554981,2.5576226428458098,-0.6541612234124186,-1.5402179980014212,0.8860567745890027,2.473442160932793,1.5873853863437901,-1.6358330068368945,-3.539332901666234,1.9034998948293396,5.431359794177172,3.527859899347832
Qwen3-8B,relational_followups_v1:confirmatory:0059,3.9548786686241284,4.03893464789982,3.870822689348437,2.8520207640563124,2.8219045315181877,2.8821369965944372,5.011266198291924,3.4878801575165816,6.534652239067267,4.178193544396153,3.3107440602281146,5.045643028564192,-1.102857904567816,-0.8330726538957709,-0.26978525067204506,1.0563875296677958,1.3261727803398409,-1.2170301163816326,-0.17713609728846702,-1.0398940190931656,-0.5510544903832386,0.488839528709927,-0.9886856927539998,-1.4890092105030748,0.500323517749075,2.66382954971883,2.1635060319697548
Qwen3-8B,relational_followups_v1:confirmatory:0060,4.488096924384795,4.577532338197015,4.398661510572573,3.4131506830460143,3.988988491685089,2.8373128744069396,8.338754732596062,6.283074208264614,10.394435256927508,5.203032516338848,3.9523594976790144,6.453705534998681,-1.0749462413387807,-3.1357222162572143,2.0607759749184336,3.850657808211267,1.7898818332928332,-0.5885438465119259,-2.330714710585599,1.7421708640736733,1.7055418700675986,-0.03662899400607467,-1.5613486361656337,-3.940729721928827,2.3793810857631934,5.995773746354935,3.6163926605917416
Qwen3-8B,relational_followups_v1:confirmatory:0061,3.2969469401712663,2.2770807799023167,4.316813100440216,3.074571456162737,3.7642291106059957,2.3849138017194784,7.933953384933898,6.5289774477361435,9.338929322131653,5.973748949158354,4.767380456556052,7.180117441760658,-0.22237548400852925,-1.9602044357755437,1.7378289517670145,4.637006444762632,2.899177492995617,1.487148330703679,-1.7615969911800917,3.2487453218837707,4.251896667833827,1.003151345950056,-1.9318992987207375,-2.158811880370995,0.2269125816502573,5.022116221691437,4.79520364004118
Qwen3-8B,relational_followups_v1:confirmatory:0062,3.3459477480294146,3.5899810661110987,3.10191442994773,2.9233259298001877,3.2168200607368513,2.629831798863524,7.873795472807819,6.416419329122794,9.331171616492846,6.296033353256034,5.496366656433144,7.095700050078921,-0.42262181822922695,-1.5777621195517852,1.1551403013225583,4.527847724778404,3.372707423455846,-0.37316100537424735,-0.9200526726896499,0.5468916673154025,2.8264382630116955,2.279546595696293,-0.4720826310842061,-2.235471566413924,1.763388935329718,6.229257186545116,4.465868251215397
Qwen3-8B,relational_followups_v1:confirmatory:0063,3.867267163391286,3.5326915403451085,4.201842786437464,2.929246099252862,2.9761814605685446,2.8823107379371793,5.558399143778726,3.6970713295837543,7.419726957973699,4.317596721313148,4.204576293418095,4.4306171492082,-0.9380210641384239,-1.2408024224655785,0.3027813583271546,1.6911319803874405,1.388350622060286,-0.5565100797765639,0.5075049638343403,-1.0640150436109042,0.16437978923864582,1.22839483284955,-1.3195320485002844,-2.989109808765499,1.6695777602652146,3.2178841715362356,1.548306411271021
Qwen3-8B,relational_followups_v1:confirmatory:0064,3.513795991299188,3.514840186895124,3.5127517957032524,2.921631198283639,3.34122410241115,2.5020382941561277,7.075232059927527,6.666810909615102,7.483653210239952,5.094348112973051,4.769577713760014,5.4191185121860865,-0.5921647930155491,-1.9808839469544761,1.388719153938927,3.5614360686283386,2.1727169146894116,-0.1736160844839736,-1.8972331958550885,1.723617111371115,3.1519707227199785,1.4283536113488635,-1.0107135015471247,-2.0645346980538655,1.0538211965067408,3.9709014145366996,2.917080218029959
Qwen3-8B,relational_followups_v1:confirmatory:0065,3.1395187217404836,2.9670579622907933,3.3119794811901744,2.0788066890052486,2.3793389074710234,1.7782744705394737,4.871437690974599,4.131647319474895,5.6112280624743045,4.56381101387688,3.721933134354547,5.405688893399213,-1.060712032735235,-0.3076266770977183,-0.7530853556375168,1.731918969234115,2.485004324871632,-0.5877190548197699,-0.40971418512034763,-0.1780048696994223,1.1645893571841013,1.3425942268835236,-1.5337050106507006,-0.20553916907509162,-1.328165841575609,2.29924858128413,3.627414422859739
Qwen3-8B,relational_followups_v1:confirmatory:0066,2.939257967617364,2.4530082032297593,3.4255077320049683,2.9248031766093736,3.007580486427865,2.8420258667908818,3.1300690276681475,2.0728520480899184,4.187286007246376,2.8616956202530264,2.0528468947425624,3.6705443457634908,-0.014454791007990409,-0.26837340741512117,0.25391861640713076,0.19081106005078352,-0.06310755635634724,0.5545722831981057,-0.020005153347355975,0.5745774365454617,-0.3801561551398409,-0.9547335916853026,-0.5834818652140865,-0.5167416614828855,-0.06674020373120104,0.761778275241408,0.828518478972609
Qwen3-8B,relational_followups_v1:confirmatory:0067,2.68311833031881,2.2411744105304203,3.1250622501071996,2.2435468911248626,2.8517553354193863,1.635338446830339,6.269283671304473,4.95281876122194,7.585748581387008,3.6641754815372534,3.3103484310236784,4.018002532050828,-0.43957143919394737,-2.6051081897672197,2.1655367505732723,3.586165340985663,1.4206285904123908,0.610580924888966,-1.642470330198262,2.253051255087228,2.71164435069152,0.45859309560429207,-1.4897238032768607,-3.5677460493361792,2.0780222460593185,4.460686331279808,2.3826640852204894
Qwen3-8B,relational_followups_v1:confirmatory:0068,3.1882884551939745,3.4462019446095282,2.930374965778421,1.905742630648771,2.529773390261626,1.2817118710359159,5.213892703716614,4.3136922767210235,6.114093130712205,4.131551504809299,4.438548279899823,3.824554729718775,-1.2825458245452035,-1.082341198907315,-0.20020462563788843,2.0256042485226398,2.225808874160528,-0.916428554347902,0.12485600317879975,-1.0412845575267018,0.8674903321114953,1.908774889638197,-1.648663094742505,-2.28953840099343,0.6408753062509249,3.1837181649337842,2.5428428586828593
Qwen3-8B,relational_followups_v1:confirmatory:0069,3.4045604074211258,3.414272957496819,3.3948478573454324,2.641198865346455,3.229687451485443,2.052710279207467,5.778082955595988,5.14431358842995,6.4118523227620265,4.779115060269047,4.50851782434513,5.049712296192962,-0.7633615420746707,-0.998967895326941,0.2356063532522703,2.373522548174862,2.1379161949225916,-0.18458550601137613,-0.6357957640848193,0.45121025807344317,1.7300406309331304,1.2788303728596873,-1.3421375781379652,-1.3621400265690644,0.020002448431099218,3.017004465416594,2.997002016985495
Qwen3-8B,relational_followups_v1:confirmatory:0070,4.607931733955649,4.806357474774255,4.409505993137044,3.2712331554616507,3.5486146260039195,2.993851684919382,4.7792861736699255,3.8682652409913727,5.690307106348477,4.3578320037593095,3.8498987512855063,4.865765256233113,-1.3366985784939982,-0.421454169910616,-0.9152444085833822,0.17135443971427655,1.0865988482976587,-1.2577428487703353,-0.018366489705866407,-1.2393763590644689,-0.9380922337828821,0.30128412528158677,-1.415654308217662,-0.8245418501153647,-0.5911124581022973,1.2808011132114334,1.8719135713137307
Qwen3-8B,relational_followups_v1:confirmatory:0071,2.5421094118341356,2.4401810367198573,2.6440377869484135,2.098614404594269,1.831926503249762,2.3653023059387763,6.071687443349978,4.749261800067437,7.394113086632519,3.7300551844963215,3.6110235443183942,3.849086824674249,-0.44349500723986646,-2.3416322588536564,1.89813725161379,3.5295780315158423,1.6314407799020523,-0.6082545334700953,-1.1382382557490427,0.5299837222789474,2.3090807633475796,1.7790970410686322,-0.2787354810096372,-3.5450262619582698,3.2662907809486326,4.750075299684106,1.4837845187354728
Qwen3-8B,relational_followups_v1:confirmatory:0072,3.0648112145968867,3.3326032356244797,2.797019193569294,2.8147537508040776,3.0238080059935086,2.6056994956146466,6.83707665757176,5.763764984059158,7.910388331084363,5.814236729843342,5.769930023469536,5.8585434362171505,-0.250057463792809,-1.022839927728418,0.7727824639356089,3.7722654429748737,2.9994829790392648,-0.30879522963097106,0.00616503941037827,-0.31496026904134933,2.431161748434678,2.7461220174760275,-0.19131969795464743,-2.0518448948672123,1.860525196912565,5.113369137515068,3.252843940602504
Qwen3-8B,relational_followups_v1:confirmatory:0073,4.165560970893331,4.510418081902951,3.8207038598837126,3.4249713411462657,3.6254981891482627,3.2244444931442686,8.235128208916853,6.370622325085177,10.09963409274853,4.803003377912944,3.694211637234635,5.911795118591255,-0.7405896297470655,-3.432124831003909,2.6915352012568436,4.069567238023522,1.3780320367666783,-0.884919892754688,-2.6764106878505416,1.7914907950958536,1.8602042431822259,0.06871344808637225,-0.596259366739444,-4.187838974157276,3.591579607417832,6.278930232864818,2.687350625446986
Qwen3-8B,relational_followups_v1:confirmatory:0074,3.159114969866232,3.3209923700882475,2.9972375696442164,2.8560333720861935,3.1707287646257454,2.5413379795466415,6.561007592706402,5.668808636419265,7.453206548993538,4.826591427080421,4.185653827949108,5.467529026211734,-0.3030815977800385,-1.7344161656259809,1.4313345678459424,3.4018926228401702,1.9705580549942279,-0.15026360546250217,-1.4831548084701573,1.3328912030076552,2.3478162663310176,1.0149250633233624,-0.45589959009757486,-1.9856775227818044,1.5297779326842296,4.455968979349322,2.9261910466650924
Qwen3-8B,relational_followups_v1:confirmatory:0075,2.4593666450057605,1.916848711395601,3.00188457861592,1.6388898595786539,1.950060372820042,1.3277193463372656,7.686775190088351,5.871844920281343,9.501705459895359,4.887477583131251,4.135673022786296,5.639282143476207,-0.8204767854271067,-2.7992976069571,1.9788208215299932,5.227408545082591,3.2485877235525975,0.0332116614244411,-1.7361718974950469,1.769383558919488,3.954996208885742,2.185612649966254,-1.6741652322786544,-3.862423316419152,2.1882580841404975,6.4998208812794385,4.311562797138941
Qwen3-8B,relational_followups_v1:confirmatory:0076,3.296578042923251,3.06288166117023,3.530274424676272,3.1199269825635185,3.406842126877959,2.833011838249078,7.836248966754329,6.447557495146139,9.22494043836252,6.1269477286832075,5.58721587520701,6.666679582159405,-0.17665106035973244,-1.7093012380711219,1.5326501777113894,4.539670923831078,3.007020746119689,0.34396046570772887,-0.8603416199391294,1.2043020856468583,3.384675833975909,2.1803737483290506,-0.6972625864271937,-2.5582608562031144,1.8609982697759206,5.694666013686248,3.8336677439103273
Qwen3-8B,relational_followups_v1:confirmatory:0077,2.0121974000571505,2.0310638270727623,1.9933309730415392,1.8825321271265958,2.146063903393542,1.6190003508596496,6.177225835551073,5.371930100886911,6.982521570215235,4.921364378144917,4.124780658406337,5.717948097883496,-0.12966527293055474,-1.255861457406156,1.1261961844756012,4.165028435493922,3.038832251018321,0.11500007632077969,-1.2471494424805742,1.362149518801354,3.340866273814149,1.9787167550127949,-0.3743306221818896,-1.2645734723317394,0.8902428501498498,4.989190597173696,4.098947747023846
Qwen3-8B,relational_followups_v1:confirmatory:0078,3.211208247990027,3.119195991011426,3.3032205049686274,2.1883870263361334,2.5967867987790854,1.7799872538931814,6.682838046639774,4.706282520876905,8.659393572402642,4.181569923438895,3.524838133652119,4.838301713225672,-1.0228212216538934,-2.5012681232008793,1.4784469015469859,3.4716297986497473,1.9931828971027614,-0.5224091922323408,-1.181444387224786,0.6590351949924451,1.5870865298654788,0.9280513348730337,-1.523233251075446,-3.8210918591769705,2.2978586081015244,5.356173067434015,3.0583144593324905
Qwen3-8B,relational_followups_v1:confirmatory:0079,4.471948896826376,4.570659277002026,4.373238516650728,3.618189486950631,3.5204641930502216,3.7159147808510404,11.328225644215017,8.252180042079749,14.404271246350282,7.622543884096638,5.780809840941663,9.464277927251615,-0.8537594098757451,-3.705681760118379,2.851922350242634,6.856276747388641,4.004354397146007,-1.0501950839518042,-2.471370201138086,1.4211751171862819,3.681520765077723,2.260345647891441,-0.6573237357996877,-4.939993319098667,4.282669583298979,10.031032729699554,5.748363146400575
Qwen3-8B,relational_followups_v1:confirmatory:0080,4.021906992493815,2.972253814136077,5.071560170851551,3.3215474342756166,3.6769889401230893,2.966105928428144,6.817591857078075,5.593499146232389,8.04168456792376,6.016258966313163,4.122525891092043,7.909992041534283,-0.7003595582181981,-0.801332890764912,0.10097333254671392,2.7956848645842607,2.6947115320375468,0.7047351259870123,-1.470973255140346,2.1757083811273583,2.6212453320963123,0.44553695096895396,-2.1054542424234075,-0.13169252638947704,-1.9737617160339305,2.970124397072208,4.943886113106139
Qwen3-8B,relational_followups_v1:confirmatory:0081,4.345515013471777,4.348479497274088,4.3425505296694675,3.765936378230382,3.7191506019124674,3.8127221545482977,5.900849772215713,4.284058283694452,7.517641260736971,4.677746732954664,3.1056567735263423,6.249836692382985,-0.5795786352413952,-1.2231030392610487,0.6435244040196535,1.5553347587439355,0.911810354724282,-0.6293288953616205,-1.1784015101681096,0.5490726148064891,-0.06442121357963604,-0.6134938283861251,-0.5298283751211699,-1.267804568353986,0.7379761932328162,3.1750907310675034,2.4371145378346872
Qwen3-8B,relational_followups_v1:confirmatory:0082,3.4160000601388445,2.429642558500869,4.40235756177682,2.780512783008012,2.77368144613728,2.7873441198787443,5.553784640950521,4.156760810017859,6.950808471883182,3.9015280038025515,3.089848825002021,4.713207182603083,-0.6354872771308324,-1.6522566371479699,1.0167693600171375,2.137784580811677,1.1210152207945394,0.3440388876364109,-1.0669119850158384,1.4109508726522493,1.7271182515169903,0.316167378864741,-1.6150134418980757,-2.237601289280099,0.6225878473820234,2.5484509101063617,1.9258630627243383
Qwen3-8B,relational_followups_v1:confirmatory:0083,3.9446737751044236,4.036933771424314,3.852413778784534,2.9805877868035413,3.2802721089758258,2.6809034646312564,9.50219583484879,8.13840316465167,10.865988505045907,6.236365741383327,6.488015803876706,5.984715678889948,-0.9640859883008823,-3.2658300934654623,2.30174410516458,5.557522059744366,3.255777954579786,-0.7566616624484883,-1.650387360774964,0.8937256983264756,4.101469393227356,3.2077436949008806,-1.1715103141532777,-4.881272826155959,3.709762512002681,7.013574726261373,3.303812214258692
Qwen3-8B,relational_followups_v1:confirmatory:0084,3.4553882311131625,3.240823739744637,3.669952722481688,2.547939326585966,2.5315543161363427,2.564324337035589,6.988556834539308,4.873119964941935,9.10399370413668,6.688141569378426,5.160303842771675,8.215979295985179,-0.9074489045271967,-0.3004152651608818,-0.6070336393663149,3.5331686034261454,4.14020224279246,-0.7092694236082941,0.2871838778297402,-0.9964533014380343,1.6322962251972983,2.6287495266353327,-1.1056283854460993,-0.888014408151502,-0.2176139772945973,5.434040981654992,5.65165495894959
Qwen3-8B,relational_followups_v1:confirmatory:0085,2.9972063511433813,2.9931331921639264,3.0012795101228367,2.4633431725228085,2.7575095950004807,2.1691767500451364,6.227696542721814,4.96798512322981,7.487407962213816,4.204192171304604,3.603976583557686,4.804407759051523,-0.5338631786205728,-2.02350437141721,1.489641192796637,3.2304901915784328,1.7408489987817957,-0.23562359716344572,-1.364008539672124,1.1283849425086783,1.9748519310658836,0.8464669885572054,-0.8321027600777002,-2.683000203162293,1.8508974430845928,4.48612845209098,2.635231009006387
Qwen3-8B,relational_followups_v1:confirmatory:0086,3.1288136159422875,2.4908272791261545,3.7667999527584204,2.4719144902931376,2.694739675133537,2.2490893054527383,7.806217831429558,7.259416385535204,8.35301927732391,4.952614848568166,4.305326330004755,5.599903367131578,-0.6568991256491499,-2.8536029828613927,2.196703857212243,4.677404215487271,2.480700358275028,0.2039123960073823,-2.9540900555304486,3.158002451537831,4.768589106409049,1.6105866548712182,-1.517710647305682,-2.7531159101923315,1.2354052628866494,4.586219324565489,3.3508140616788396
Qwen3-8B,relational_followups_v1:confirmatory:0087,5.6020168352134565,5.299190711299309,5.904842959127606,4.352273997285229,3.953047090795981,4.751500903774476,7.746980645584286,6.546741196198855,8.947220094969715,6.416281624056847,5.588720614391719,7.243842633721977,-1.2497428379282276,-1.3306990215274395,0.08095618359921186,2.1449638103708297,2.064007626771618,-1.3461436205033275,-0.9580205818071361,-0.38812303869619136,1.2475504848995467,1.635673523595738,-1.1533420553531304,-1.7033774612477384,0.550035405894608,3.0423771358421092,2.4923417299475012
Qwen3-8B,relational_followups_v1:confirmatory:0088,4.11101191194882,3.3870291779824355,4.834994645915204,3.1197778851520908,3.016359238535758,3.223196531768424,4.386238392991837,4.0163406006591025,4.756136185324571,3.7636652615863158,3.316256711592824,4.211073811579808,-0.9912340267967292,-0.6225731314055212,-0.36866089539120805,0.27522648104301695,0.643887376434225,-0.3706699394466777,-0.7000838890662786,0.3294139496196009,0.629311422676667,0.29989747305706604,-1.6117981141467799,-0.5450623737447637,-1.0667357404020161,-0.07885846059063262,0.9878772798113835
Qwen3-8B,relational_followups_v1:confirmatory:0089,2.358357085690683,2.374050136543559,2.342664034837806,2.0736454629651497,2.021153557708458,2.1261373682218414,4.434722140158288,2.920825059052845,5.948619221263732,3.2470220962142466,3.3942200593543097,3.0998241330741827,-0.2847116227255331,-1.1877000439440417,0.9029884212185086,2.0763650544676056,1.173376633249097,-0.35289657883510106,0.47339500030146464,-0.8262915791365657,0.5467749225092859,1.3730665016458516,-0.21652666661596465,-2.848795088189549,2.6322684215735843,3.6059551864259256,0.9736867648523413
Qwen3-8B,relational_followups_v1:confirmatory:0090,2.610330263470364,2.458119411405467,2.7625411155352606,2.5273101323877474,2.8337311384352866,2.220889126340208,6.694670686285834,4.246095201418825,9.143246171152843,3.3659409840387444,2.8960943396834518,3.8357876283940384,-0.08302013108261663,-3.3287297022470894,3.245709571164473,4.08434042281547,0.838630851650997,0.3756117270298196,-1.3500008617353734,1.725612588765193,1.7879757900133582,0.06236320124816519,-0.5416519891950524,-5.307458542758804,4.765806553563751,6.380705055617582,1.6148985020538302
Qwen3-8B,relational_followups_v1:confirmatory:0091,4.1904168335154,4.176687237159605,4.204146429871196,2.8808015733001753,3.297472383337354,2.4641307632629967,6.8356465678823195,5.579313449961024,8.091979685803613,5.013882926431238,4.286992462333584,5.740773390528894,-1.3096152602152245,-1.8217636414510814,0.5121483812358569,2.6452297343669198,2.133081353131063,-0.8792148538222513,-1.2923209876274395,0.41310613380518824,1.4026262128014189,0.9895200789962306,-1.7400156666081994,-2.3512062952747197,0.6111906286665203,3.887833255932417,3.276642627265897
Qwen3-8B,relational_followups_v1:confirmatory:0092,3.4446895564141804,3.220665779904846,3.668713332923516,3.171699872925149,3.392643865135496,2.9507558807148015,9.095231144035818,7.260255678363555,10.930206609708083,5.1390327168189796,5.190223333488426,5.087842100149534,-0.2729896834890315,-3.9561984272168385,3.683208743727807,5.650541587621637,1.9673328438938307,0.17197808523065028,-2.0700323448751288,2.242010430105779,4.039589898458709,1.7975794683529296,-0.7179574522087147,-5.842364509558549,5.124407057349835,7.261493276784567,2.1370862194347326
Qwen3-8B,relational_followups_v1:confirmatory:0093,3.825375557078388,2.9851236922503714,4.665627421906404,2.3079257034714695,2.6216211852378395,1.9942302217050996,8.183450150614089,5.580689253963275,10.786211047264906,5.9689227718968105,4.114275893015146,7.823569650778474,-1.5174498536069185,-2.2145273787172783,0.6970775251103598,4.358074593535701,3.660997068425341,-0.36350250701253195,-1.4664133609481285,1.1029108539355965,2.5955655617129034,1.492654707777307,-2.6713972002013042,-2.9626413964864327,0.29124419628512843,6.120583625358503,5.829339429073374
Qwen3-8B,relational_followups_v1:confirmatory:0094,4.558483548484707,4.332140207857918,4.784826889111496,2.8934783640446127,2.407523391288752,3.3794333368004734,7.3154235609556775,6.072332074769291,8.558515047142064,5.158250588375491,4.704719715299522,5.6117814614514625,-1.6650051844400946,-2.1571729725801863,0.49216778814009166,2.75694001247097,2.2647722243308785,-1.9246168165691664,-1.367612359469769,-0.5570044570993975,1.7401918669113723,2.29719632401077,-1.4053935523110228,-2.946733585690602,1.541340033379579,3.773688158030568,2.232348124650989
Qwen3-8B,relational_followups_v1:confirmatory:0095,3.2364884538730183,3.4267420934639135,3.046234814282123,2.235833431508647,2.618145691648902,1.8535211713683921,6.563391138984517,5.64700733677152,7.4797749411975145,4.321495574594695,3.7784986225604538,4.864492526628936,-1.0006550223643713,-2.2418955643898224,1.241240542025451,3.326902685111499,2.085662143086048,-0.8085964018150116,-1.8685087142110666,1.059912312396055,2.220265243307607,1.160352930911552,-1.192713642913731,-2.6152824145685782,1.4225687716548472,4.433540126915391,3.010971355260544
Gemma 3 4B,relational_followups_v1:confirmatory:0000,2.2573303358092276,2.3868742237756875,2.1277864478427677,1.042019470966014,0.8988656982793284,1.1851732436526996,3.6484076070395637,4.995240937691587,2.30157427638754,1.7846883160532747,2.34197595899205,1.2274006731144995,-1.2153108648432136,-1.863719290986289,0.6484084261430754,1.391077271230336,0.7426688450872607,-1.488008525496359,-2.6532649786995375,1.1652564532031784,2.6083667139159,1.4431102607127215,-0.9426132041900681,-1.0741736032730405,0.13156039908297235,0.17378782854477226,0.042227429461799915
Gemma 3 4B,relational_followups_v1:confirmatory:0001,3.019473003808856,3.353124248059637,2.685821759558075,1.8452892032912138,2.16970641746496,1.5208719891174676,3.4765434656283,4.784834516828996,2.168252414427604,1.9484996405321753,2.753152567350707,1.1438467137136437,-1.1741838005176422,-1.5280438250961246,0.3538600245784824,0.4570704618194439,0.10321043724096146,-1.183417830594677,-2.0316819494782887,0.8482641188836118,1.4317102687693586,0.5834461498857468,-1.1649497704406073,-1.0244057007139604,-0.1405440697266469,-0.5175693451304708,-0.3770252754038239
Gemma 3 4B,relational_followups_v1:confirmatory:0002,2.1728232928278666,1.5736566371674616,2.771989948488271,1.6373296897484848,1.5276814536424341,1.7469779258545355,3.0922727421916774,3.809334645629411,2.3752108387539437,2.748837635158804,3.863832174345509,1.6338430959720989,-0.5354936030793818,-0.34343510703287317,-0.1920584960465086,0.9194494493638108,1.1115079454103194,-0.045975183525027497,0.05449752871609803,-0.10047271224112553,2.2356780084619494,2.336150720703075,-1.0250120226337356,-0.7413677427818448,-0.2836442798518908,-0.3967791097343274,-0.11313482988243662
Gemma 3 4B,relational_followups_v1:confirmatory:0003,1.6611190768310786,1.8112795086014462,1.510958645060711,1.183551756986521,1.2971052298541554,1.0699982841188866,2.8863829591280523,4.709136222899987,1.0636296953561164,1.8596369798123265,3.4032692763382935,0.31600468328635944,-0.4775673198445576,-1.0267459793157259,0.5491786594711683,1.2252638822969737,0.6760852228258054,-0.5141742787472907,-1.3058669465616939,0.7916926678144032,2.897856714298541,2.106164046484138,-0.44096036094182445,-0.747625012069757,0.3066646511279325,-0.4473289497045947,-0.7539936008325272
Gemma 3 4B,relational_followups_v1:confirmatory:0004,2.6243282518879996,2.9003383807647793,2.34831812301122,1.8262777019381642,1.573847686988688,2.0787077168876404,2.7301182736572778,3.8371787944586924,1.6230577528558632,1.815922345641293,2.635602706367219,0.9962419849153674,-0.7980505499498354,-0.9141959280159848,0.11614537806614944,0.10579002176927821,-0.010355356296871232,-1.3264906937760914,-1.2015760880914734,-0.12491460568461799,0.936840413693913,1.061755019378531,-0.26961040612357934,-0.6268157679404958,0.3572053618169164,-0.7252603701553566,-1.082465731972273
Gemma 3 4B,relational_followups_v1:confirmatory:0005,3.011258242386583,2.592445854163543,3.430070630609624,1.72375380046635,1.955145698704409,1.492361902228291,3.9963531672648527,4.915556565789373,3.0771497687403313,2.4979776615618197,3.2895146910776925,1.7064406320459469,-1.287504441920233,-1.498375505703033,0.21087106378279996,0.9850949248782697,0.7742238610954697,-0.6373001554591342,-1.6260418747116807,0.9887417192525465,2.32311071162583,1.3343689923732835,-1.9377087283813328,-1.3707091366943844,-0.5669995916869484,-0.3529208618692925,0.21407872981765586
Gemma 3 4B,relational_followups_v1:confirmatory:0006,1.3229905905392076,1.2854949941252567,1.3604861869531586,0.6168560641815399,0.5798717580430726,0.6538403703200073,2.6266734086469814,4.347207968822702,0.9061388484712607,1.133712139914853,1.821010413447131,0.4464138663825752,-0.7061345263576677,-1.4929612687321283,0.7868267423744606,1.3036828181077738,0.5168560757333132,-0.7056232360821841,-2.526197555375571,1.820574319293387,3.0617129746974454,1.2411386554040584,-0.7066458166331513,-0.4597249820886855,-0.24692083454446578,-0.4543473384818979,-0.20742650393743212
Gemma 3 4B,relational_followups_v1:confirmatory:0007,1.9583195254920538,2.371300421219903,1.5453386297642044,0.6370731620281576,0.6573680369784647,0.6167782870778504,3.9443166866614012,5.453355788371755,2.4352775849510477,2.24824349718943,2.879612625045195,1.6168743693336651,-1.3212463634638962,-1.6960731894719712,0.37482682600807493,1.9859971611693474,1.6111703351612725,-1.7139323842414385,-2.5737431633265597,0.8598107790851213,3.0820553671518516,2.2222445880667303,-0.928560342686354,-0.8184032156173826,-0.1101571270689714,0.8899389551868433,1.0000960822558147
Gemma 3 4B,relational_followups_v1:confirmatory:0008,2.141669425350869,2.4993168074827334,1.784022043219005,1.280792480761594,1.3967492671937345,1.1648356943294536,3.627526357239017,4.482803668794751,2.772249045683284,1.9800555460983198,2.8732942705034246,1.086816821693215,-0.860876944589275,-1.6474708111406973,0.7865938665514223,1.485856931888148,0.6992630653367258,-1.102567540288999,-1.6095093982913262,0.5069418580023273,1.9834868613120173,1.47654500330969,-0.6191863488895515,-1.6854322239900688,1.0662458751005173,0.9882270024642787,-0.07801887263623852
Gemma 3 4B,relational_followups_v1:confirmatory:0009,1.7125025748159566,1.6822710763106232,1.74273407332129,1.0981819622582987,1.3846011659666857,0.8117627585499116,3.1597753841448015,4.719241558008584,1.6003092102810204,2.2174325393205216,2.9729355261833783,1.4619295524576654,-0.6143206125576579,-0.9423428448242799,0.32802223226662197,1.447272809328845,1.119250577062223,-0.2976699103439375,-1.7463060318252053,1.4486361214812677,3.0369704816979604,1.5883343602166926,-0.9309713147713783,-0.13837965782335493,-0.7925916569480234,-0.14242486304026958,0.6501667939077538
Gemma 3 4B,relational_followups_v1:confirmatory:0010,3.5992972151408993,3.6974879557184086,3.501106474563391,2.4719152657266443,2.709007271049435,2.2348232604038536,5.647806899918708,6.931343515141801,4.364270284695616,4.102545969476715,5.391599209881942,2.8134927290714877,-1.127381949414255,-1.5452609304419926,0.4178789810277377,2.0485096847778084,1.6306307037500707,-0.9884806846689735,-1.539744305259859,0.5512636205908854,3.2338555594233926,2.6825919388325072,-1.2662832141595373,-1.5507775556241281,0.28449434146459085,0.863163810132225,0.5786694686676341
Gemma 3 4B,relational_followups_v1:confirmatory:0011,1.551927883011834,2.1389053394704955,0.9649504265531723,1.0249423138985372,1.2636413202949353,0.7862433075021391,2.6056524016483227,4.062464729736666,1.1488400735599793,1.7678774111525501,2.6572564951325317,0.8784983271725686,-0.5269855691132967,-0.8377749904957725,0.3107894213824758,1.0537245186364887,0.742935097254013,-0.8752640191755603,-1.4052082346041344,0.5299442154285741,1.9235593902661705,1.3936151748375964,-0.1787071190510332,-0.2703417463874107,0.0916346273363775,0.183889647006807,0.09225501967042948
Gemma 3 4B,relational_followups_v1:confirmatory:0012,3.2685306349799395,2.9816235281325474,3.5554377418273315,2.026301615890742,1.8478501253670485,2.2047531064144357,3.532881315657531,4.845392538628592,2.22037009268647,2.350202114399708,2.8575991175205115,1.8428051112789037,-1.2422290190891974,-1.182679201257823,-0.05954981783137425,0.2643506806775915,0.32390049850896574,-1.1337734027654989,-1.9877934211080803,0.8540200183425815,1.8637690104960445,1.009748992153463,-1.3506846354128959,-0.37756498140756634,-0.9731196540053295,-1.3350676491408615,-0.361947995135532
Gemma 3 4B,relational_followups_v1:confirmatory:0013,3.060336492704088,2.363054144991839,3.757618840416338,2.2658225428845236,2.591133947502949,1.940511138266098,3.8730071954836625,4.775202604861698,2.970811786105627,2.383223185965633,2.9199191873545596,1.8465271845767068,-0.7945139498195646,-1.4897840095180293,0.6952700596984647,0.8126707027795743,0.11740064308110965,0.22807980251111015,-1.8552834175071382,2.0833632200182484,2.412148459869859,0.32878523985161046,-1.8171077021502402,-1.1242846015289203,-0.6928231006213199,-0.7868070543107111,-0.09398395368939116
Gemma 3 4B,relational_followups_v1:confirmatory:0014,2.6302701778850452,2.5408200744680913,2.719720281301999,2.1508817388895927,1.9952216664867857,2.3065418112923997,2.561065233468222,3.537523577008118,1.584606889928326,2.6266116763928222,3.2267686279377017,2.026454724847943,-0.4793884389954526,0.06554644292460043,-0.544934881920053,-0.06920494441682346,0.47572993750322956,-0.5455984079813057,-0.31075494907041623,-0.23484345891088942,0.9967035025400266,1.231546961450916,-0.4131784700095995,0.4418478349196171,-0.8550263049292166,-1.135113391373673,-0.28008708644445646
Gemma 3 4B,relational_followups_v1:confirmatory:0015,2.1783910154088275,2.6604726911381507,1.6963093396795044,1.2928368982143135,1.8881301262159331,0.6975436702126938,2.1599348233865614,3.3618905416749474,0.9579791050981754,1.7405459244593646,2.2512950312409767,1.2297968176777525,-0.885554117194514,-0.4193888989271968,-0.46616521826731727,-0.018456192022266116,0.44770902624505116,-0.7723425649222175,-1.1105955104339706,0.3382529455117531,0.7014178505367967,0.3631649050250436,-0.9987656694668106,0.2718177125795771,-1.2705833820463877,-0.738330234581329,0.5322531474650587
Gemma 3 4B,relational_followups_v1:confirmatory:0016,3.524375892875327,2.8352875949454077,4.213464190805246,1.5569874651949425,2.06842732445471,1.045547605935175,4.2461500447033655,4.831505040592544,3.6607950488141867,2.808841740191175,3.499267235647568,2.1184162447347825,-1.9673884276803846,-1.4373083045121904,-0.5300801231681942,0.7217741518280385,1.2518542749962327,-0.7668602704906977,-1.3322378049449766,0.5653775344542789,1.9962174456471367,1.4308399111928578,-3.1679165848700714,-1.5423788040794042,-1.6255377807906672,-0.5526691419910597,1.0728686387996076
Gemma 3 4B,relational_followups_v1:confirmatory:0017,3.643088059084327,2.9378746485519116,4.348301469616742,2.2865378441651516,2.6192605560049635,1.9538151323253397,4.794510547297688,5.580344377361691,4.008676717233684,3.6731468207919895,4.268452329912773,3.0778413116712064,-1.3565502149191753,-1.1213637265056984,-0.2351864884134769,1.151422488213361,1.386608976626838,-0.31861409254694806,-1.3118920474489189,0.9932779549019708,2.64246972880978,1.649191773907809,-2.3944863372914025,-0.9308354055624779,-1.4636509317289246,-0.3396247523830578,1.1240261793458668
Gemma 3 4B,relational_followups_v1:confirmatory:0018,1.9250711810935406,1.438675355744202,2.41146700644288,0.9912726881997944,0.8871977578624293,1.0953476185371596,1.9674876070551086,3.031167516826991,0.9038076972832263,1.7548345033254922,2.5125422047988004,0.9971268018521839,-0.9337984928937462,-0.21265310372961643,-0.7211453891641297,0.04241642596156803,0.7635618151256978,-0.5514775978817728,-0.5186253120281905,-0.03285228585358224,1.592492161082789,1.6253444469363711,-1.3161193879057205,0.09331910456895764,-1.4094384924746781,-1.5076593091596537,-0.09822081668497562
Gemma 3 4B,relational_followups_v1:confirmatory:0019,1.8635560256530188,2.3822593116671813,1.3448527396388563,1.2655017726069917,0.7539834029399444,1.777020142274039,2.295170031354323,4.044959921256377,0.5453801414522683,2.196489444560797,3.159753482533076,1.2332254065885184,-0.5980542530460271,-0.09868058679352565,-0.49937366625250146,0.43161400570130404,0.9309876719538055,-1.628275908727237,-0.8852064387233014,-0.7430694700039355,1.662700609589196,2.4057700795931316,0.4321674026351827,0.6878452651362501,-0.2556778625010674,-0.799472598186588,-0.5437947356855206
Gemma 3 4B,relational_followups_v1:confirmatory:0020,2.497634916620113,3.1626561633349297,1.8326136699052964,1.848294424867761,2.3751387007977875,1.3214501489377346,3.150859082419021,3.894688971737597,2.4070291931004455,2.1852657909396496,2.608332682638622,1.7621988992406776,-0.6493404917523518,-0.9655932914793715,0.3162527997270197,0.6532241657989082,0.3369713660718885,-0.7875174625371422,-1.286356289098975,0.49883882656183287,0.7320328084026673,0.2331939818408344,-0.5111635209675618,-0.6448302938597679,0.13366677289220608,0.5744155231951491,0.440748750302943
Gemma 3 4B,relational_followups_v1:confirmatory:0021,2.599060588224519,2.115200926110547,3.082920250338491,1.7564894418960146,1.8526293709948911,1.6603495127971382,3.081681746063339,3.6793612145863595,2.484002277540318,2.072268826970967,3.128612591080506,1.0159250628614283,-0.8425711463285044,-1.0094129190923717,0.16684177276386736,0.48262115783881976,0.3157793850749524,-0.262571555115656,-0.5507486235058536,0.28817706839019763,1.5641602884758123,1.2759832200856147,-1.4225707375413528,-1.4680772146788899,0.04550647713753708,-0.5989179727981728,-0.6444244499357099
Gemma 3 4B,relational_followups_v1:confirmatory:0022,2.7504736776692975,2.5729342701813325,2.9280130851572626,1.9813628409981514,2.1822280378020382,1.7804976441942646,2.8730078427062367,4.34365360593701,1.4023620794754637,1.4903536389084429,2.21210004000121,0.7686072378156759,-0.7691108366711461,-1.3826542037977938,0.6135433671266477,0.12253416503693915,-0.49100920208970855,-0.39070623237929425,-2.1315535659358,1.7408473335565056,1.7707193357556772,0.029872002199171632,-1.147515440962998,-0.6337548416597878,-0.5137605993032102,-1.525651005681799,-1.0118904063785887
Gemma 3 4B,relational_followups_v1:confirmatory:0023,2.1198228776848294,2.4897699724340523,1.7498757829356064,1.1869147481743756,1.4810138595923714,0.8928156367563798,2.213584723181632,3.5975405890767176,0.8296288572865462,1.2503716683828348,1.8534493121970952,0.6472940245685743,-0.9329081295104538,-0.9632130547987972,0.030304925288343387,0.09376184549680255,0.06345692020845917,-1.0087561128416809,-1.7440912768796224,0.7353351640379415,1.1077706166426653,0.37243545260472377,-0.8570601461792267,-0.1823348327179719,-0.6747253134612547,-0.9202469256490602,-0.24552161218780544
Gemma 3 4B,relational_followups_v1:confirmatory:0024,2.0654563322545743,2.198137849710846,1.9327748147983024,0.792623535802214,0.35363155221177855,1.2316155193926495,3.5287219956536995,4.09944650340246,2.9579974879049393,3.057801950761461,4.109945561483015,2.0056583400399064,-1.2728327964523602,-0.4709200448922384,-0.8019127515601219,1.4632656633991252,2.265178414959247,-1.8445062974990676,0.010499058080555734,-1.8550053555796233,1.9013086536916135,3.756314009271237,-0.7011592954056529,-0.9523391478650329,0.25117985245938,1.025222673106637,0.7740428206472569
Gemma 3 4B,relational_followups_v1:confirmatory:0025,1.9876632072606877,2.891069564690957,1.0842568498304184,1.250747904720067,2.0801819197872353,0.4213138896528985,1.9775388379313168,3.2542047278477977,0.7008729480148359,1.7670621880754562,2.2938753890787282,1.2402489870721842,-0.7369153025406208,-0.21047664985586056,-0.5264386526847602,-0.010124369329370886,0.5163142833553893,-0.8108876449037217,-0.9603293387690695,0.14944169386534778,0.3631351631568407,0.2136934692914929,-0.6629429601775199,0.5393760390573483,-1.2023189992348682,-0.38338390181558246,0.8189350974192857
Gemma 3 4B,relational_followups_v1:confirmatory:0026,1.325112052260771,1.8814218608770266,0.7688022436445157,1.1826029390157697,1.331496287912695,1.0337095901188444,2.4360576471626056,3.0852518407239686,1.7868634536012427,1.219464685677965,1.3448335541262701,1.0940958172296593,-0.14250911324500115,-1.2165929614846407,1.0740838482396395,1.1109455949018348,0.036861746662195216,-0.5499255729643315,-1.7404182865976985,1.190492713633367,1.203829979846942,0.013337266213575116,0.2649073464743288,-0.6927676363715833,0.9576749828459121,1.018061209956727,0.06038622711081487
Gemma 3 4B,relational_followups_v1:confirmatory:0027,2.3612013454627583,2.4031401202988487,2.319262570626668,0.8204544498271669,0.3858353435763098,1.255073556078024,3.4559380841739125,4.311269998791015,2.6006061695568103,2.2879686350429473,3.3644192955172985,1.2115179745685962,-1.5407468956355914,-1.1679694491309651,-0.3727774465046263,1.0947367387111542,1.4675141852157805,-2.017304776722539,-0.9468507032737161,-1.0704540734488228,1.9081298784921659,2.9785839519409887,-1.064189014548644,-1.3890881949882141,0.3248991804395702,0.2813435989301425,-0.04355558150942773
Gemma 3 4B,relational_followups_v1:confirmatory:0028,2.0544895737903377,2.107185403085903,2.001793744494772,1.0192988820079032,1.3294674033364817,0.7091303606793247,2.1877978695055904,3.1446843928213277,1.230911346189853,1.8853088975615355,2.5506984952356,1.2199192998874708,-1.0351906917824345,-0.3024889719440549,-0.7327017198383796,0.1333082957152527,0.8660100155536323,-0.7777179997494215,-0.5939858975857275,-0.18373210216369396,1.0374989897354245,1.2212310918991185,-1.2926633838154475,-0.010992046302382263,-1.2816713375130653,-0.7708823983049191,0.5107889392081462
Gemma 3 4B,relational_followups_v1:confirmatory:0029,3.8916942848123193,3.8984556637787517,3.8849329058458872,2.287399088205192,2.961034899911258,1.6137632764991263,4.5314334691595555,5.773439530325609,3.289427407993503,3.7059569552938307,4.0836522539489355,3.328261656638726,-1.604295196607127,-0.8254765138657247,-0.7788186827414023,0.6397391843472362,1.4185578670886385,-0.9374207638674936,-1.6897872763766735,0.7523665125091799,1.8749838665468572,1.1226173540376774,-2.271169629346761,0.03883424864522311,-2.310003877991984,-0.5955054978523844,1.7144983801395997
Gemma 3 4B,relational_followups_v1:confirmatory:0030,2.7573264177187546,4.122365796560515,1.3922870388769946,2.0844581769689863,2.2678525028319187,1.9010638511060538,3.909800094659061,4.82768572228907,2.9919144670290523,2.820335478169875,3.8997655606836252,1.7409053956561245,-0.6728682407497684,-1.0894646164891864,0.416596375739418,1.1524736769403066,0.7358773012008886,-1.854513293728596,-0.9279201616054449,-0.9265931321231511,0.7053199257285554,1.6319130578517065,0.5087768122290592,-1.2510090713729278,1.759785883601987,1.5996274281520577,-0.16015845544992935
Gemma 3 4B,relational_followups_v1:confirmatory:0031,2.5727092842505535,2.3318957660410122,2.8135228024600947,1.675929998033662,1.6553742819402872,1.6964857141270366,3.3800328884400583,4.895546389958739,1.8645193869213772,2.2151515896625016,2.8893692452539987,1.5409339340710049,-0.8967792862168915,-1.1648812987775568,0.26810201256066524,0.8073236041895049,0.5392215916288396,-0.676521484100725,-2.00617714470474,1.3296556606040149,2.5636506239177264,1.2339949633137115,-1.117037088333058,-0.3235854528503723,-0.7934516354826857,-0.9490034155387175,-0.15555178005603176
Gemma 3 4B,relational_followups_v1:confirmatory:0032,2.0346539390801675,2.5867638264170028,1.4825440517433321,1.8208098494727345,2.0857617391460535,1.5558579597994155,3.4636559558964524,5.550599118748219,1.3767127930446854,1.6342460012231559,2.5447351272915553,0.7237568751547565,-0.21384408960743295,-1.8294099546732965,1.6155658650658635,1.429002016816285,-0.1865638482495786,-0.5010020872709493,-3.005863991456664,2.5048619041857147,2.9638352923312166,0.4589733881455018,0.0733139080560834,-0.6529559178899289,0.7262698259460123,-0.10583125869864674,-0.832101084644659
Gemma 3 4B,relational_followups_v1:confirmatory:0033,1.2584100154380868,1.8026988716674213,0.7141211592087524,1.6688793186629804,2.3416899651285394,0.9960686721974215,3.283111316967586,4.641265982654955,1.9249566512802163,2.056532445964442,3.2312115642441652,0.8818533276847189,0.4104693032248936,-1.2265788710031438,1.6370481742280374,2.024701301529499,0.3876531273014616,0.5389910934611182,-1.4100544184107902,1.9490455118719083,2.838567110987534,0.8895215991156258,0.28194751298866905,-1.0431033235954974,1.3250508365841664,1.210835492071464,-0.11421534451270254
Gemma 3 4B,relational_followups_v1:confirmatory:0034,2.838946110743801,2.988682201480591,2.6892100200070104,1.7001470572174364,1.6910989124179467,1.709195202016926,3.945172014517892,5.143092576245015,2.7472514527907697,2.956130614400578,3.649593893180983,2.262667335620173,-1.1387990535263648,-0.9890414001173142,-0.14975765340905056,1.106225903774091,1.2559835571831415,-1.2975832890626444,-1.4934986830640318,0.19591539400138736,2.1544103747644234,1.958494980763036,-0.9800148179900843,-0.4845841171705967,-0.4954307008194876,0.058041432783759284,0.5534721336032469
Gemma 3 4B,relational_followups_v1:confirmatory:0035,1.5960611914288187,1.8316814597746323,1.3604409230830052,1.17165842853742,0.7529090572613839,1.5904077998134563,2.426655061464335,3.323968040374563,1.5293420825541073,1.8694683058814103,3.256150364115177,0.48278624764764366,-0.42440276289139867,-0.5571867555829249,0.1327839926915262,0.8305938700355164,0.6978098773439902,-1.0787724025132484,-0.06781767625938606,-1.0109547262538623,1.4922865805999308,2.503241306853793,0.22996687673045102,-1.0465558349064636,1.2765227116369147,0.16890115947110207,-1.1076215521658126
Gemma 3 4B,relational_followups_v1:confirmatory:0036,1.9764619976754152,2.3267206083295306,1.6262033870212997,0.6566479361902333,0.4821586412208916,0.831137231159575,2.280991985238748,3.1939461360035857,1.3680378344739106,1.5971317877834807,2.3883216625955663,0.8059419129713952,-1.3198140614851819,-0.6838601974552674,-0.6359538640299145,0.30452998756333294,0.9404838515932474,-1.844561967108639,-0.8056244734080193,-1.0389374937006197,0.867225527674055,1.9061630213746747,-0.7950661558617247,-0.5620959215025154,-0.23297023435920927,-0.25816555254738915,-0.025195318188179883
Gemma 3 4B,relational_followups_v1:confirmatory:0037,1.858864889995115,2.659200195751497,1.058529584238733,1.7130535137305094,1.6757340599142818,1.750372967546737,3.7678213610559603,5.445844813707253,2.0897979084046687,2.313528268702618,3.6362884657921954,0.9907680716130405,-0.1458113762646056,-1.4542930923533421,1.3084817160887365,1.9089564710608453,0.6004747549721088,-0.9834661358372152,-1.8095563479150574,0.8260902120778422,2.786644617955756,1.9605544058779136,0.691843383308004,-1.0990298367916282,1.7908732200996322,1.0312683241659357,-0.7596048959336965
Gemma 3 4B,relational_followups_v1:confirmatory:0038,3.9830030144117554,3.1746956757147835,4.791310353108727,2.1392372549062184,2.433026739339609,1.8454477704728278,3.5657287012406242,4.521817580160673,2.6096398223205766,2.8789833021343734,4.450944860221443,1.3070217440473044,-1.843765759505537,-0.6867453991062509,-1.1570203603992861,-0.4172743131711312,0.739746047228155,-0.7416689363751745,-0.07087271993922961,-0.6707962164359449,1.3471219044458893,2.017918120881834,-2.9458625826358995,-1.3026180782732721,-1.6432445043626274,-2.1816705307881508,-0.5384260264255234
Gemma 3 4B,relational_followups_v1:confirmatory:0039,1.5915011986775887,2.557002498285025,0.6259998990701527,1.053944480320459,1.1969456106271164,0.9109433500138016,2.7252244672974077,4.405427978375962,1.0450209562188535,1.9864861725456824,3.0910963265085365,0.8818760185828287,-0.5375567183571297,-0.7387382947517254,0.20118157639459566,1.133723268619819,0.9325416922252234,-1.3600568876579087,-1.3143316518674255,-0.045725235790483154,1.848425480090937,1.8941507158814201,0.2849434509436488,-0.16314493763602478,0.4480883885796736,0.41902105714870075,-0.029067331430972843
Gemma 3 4B,relational_followups_v1:confirmatory:0040,2.927688339574672,2.697676150976571,3.1577005281727724,1.8682643096620368,1.6843630051581773,2.0521656141658964,3.6023715562175944,4.882156145286272,2.3225869671489168,3.0716901531587215,4.130433351177642,2.0129469551398023,-1.059424029912635,-0.5306814030588729,-0.528742626853762,0.6746832166429226,1.2034258434966847,-1.013313145818394,-0.7517227941086304,-0.2615903517097635,2.184479994309701,2.4460703460194644,-1.105534914006876,-0.3096400120091145,-0.7958949019977615,-0.8351135610238556,-0.039218659026094116
Gemma 3 4B,relational_followups_v1:confirmatory:0041,2.5357352140127185,2.217524116517218,2.853946311508219,1.5997291080159988,1.8662359292289086,1.333222286803089,2.639532281485986,4.257314491381324,1.021750071590648,1.9056169345553786,2.501715423803728,1.3095184453070292,-0.9360061059967197,-0.7339153469306074,-0.2020907590661123,0.10379706747326756,0.30588782653937985,-0.3512881872883096,-1.755599067577596,1.4043108802892865,2.039790374864106,0.6354794945748194,-1.52072402470513,0.2877683737163812,-1.808492398421511,-1.8321962399175709,-0.023703841496059752
Gemma 3 4B,relational_followups_v1:confirmatory:0042,2.9809946072716347,3.2889043876723383,2.673084826870932,1.8741688478005525,1.922914156301558,1.825423539299547,4.1365033263203195,5.942097821120846,2.3309088315197926,2.133508733298337,3.9755178087075276,0.29149965788914667,-1.1068257594710822,-2.0029945930219824,0.8961688335509002,1.1555087190486848,0.25933988549778464,-1.3659902313707804,-1.9665800124133188,0.6005897810425385,2.653193433448508,2.0526036524059696,-0.8476612875713849,-2.039409173630646,1.191747886059261,-0.3421759953511394,-1.5339238814104004
Gemma 3 4B,relational_followups_v1:confirmatory:0043,3.3716236292798567,2.9945529619616416,3.748694296598072,2.0195724350077873,3.1041599627802823,0.9349849072352923,4.869653460012339,5.615779081487239,4.123527838537436,2.7825347237044067,4.038500575007726,1.5265688724010884,-1.3520511942720694,-2.087118736307932,0.7350675420358628,1.4980298307324822,0.7629622886966194,0.10960700081864072,-1.5772785064795132,1.686885507298154,2.6212261195255975,0.9343406122274436,-2.8137093893627796,-2.5969589661363477,-0.2167504232264319,0.37483354193936425,0.5915839651657961
Gemma 3 4B,relational_followups_v1:confirmatory:0044,1.6932256217302522,1.6425006513571745,1.7439505921033298,1.0781232976935278,1.2671060452509453,0.8891405501361103,3.467045160595151,3.7421888550948363,3.1919014660954663,2.355590039134112,2.5734863320592116,2.137693746209012,-0.6151023240367244,-1.1114551214610393,0.49635279742431493,1.773819538864899,1.277466741440584,-0.3753946061062292,-1.1687025230356247,0.7933079169293955,2.099688203737662,1.3063802868082663,-0.8548100419672195,-1.0542077198864543,0.1993976779192348,1.4479508739921365,1.2485531960729017
Gemma 3 4B,relational_followups_v1:confirmatory:0045,3.1273357960041976,3.3144783338904427,2.9401932581179526,2.5920698779598363,2.7323166185124705,2.451823137407202,4.037383194542562,6.5480748039513275,1.5266915851337952,3.301197350008792,4.895608217844026,1.706786482173558,-0.5352659180443613,-0.7361858445337699,0.2009199264894086,0.9100473985383641,0.7091274720489555,-0.5821617153779721,-1.6524665861073018,1.0703048707293297,3.233596470060885,2.163291599331555,-0.4883701207107505,0.1800948970397629,-0.6684650177505134,-1.4135016729841574,-0.745036655233644
Gemma 3 4B,relational_followups_v1:confirmatory:0046,2.6325627643323766,3.0951053866848373,2.170020141979916,1.7411463232786173,2.4447863511122616,1.037506295444973,3.68104054327109,4.8325814105625025,2.529499675979678,2.017339852648809,2.6677392435722105,1.3669404617254077,-0.8914164410537593,-1.663700690622281,0.7722842495685218,1.0484777789387136,0.2761935293701918,-0.6503190355725756,-2.164842166990292,1.5145231314177163,1.7374760238776652,0.22295289245994887,-1.132513846534943,-1.1625592142542702,0.03004536771932731,0.35947953399976207,0.32943416628043476
Gemma 3 4B,relational_followups_v1:confirmatory:0047,1.8843412955946035,2.278173353718815,1.490509237470392,1.3466609184891123,1.6919474280362827,1.0013744089419419,3.9371839417969223,5.615700594392718,2.258667289201127,2.5979162180865485,3.7701524918983633,1.4256799442747337,-0.5376803771054912,-1.3392677237103738,0.8015873466048826,2.052842646202319,1.2512552995974362,-0.5862259256825322,-1.8455481024943543,1.2593221768118221,3.3375272406739027,2.0782050638620806,-0.48913482852845025,-0.8329873449263934,0.3438525163979431,0.7681580517307349,0.4243055353327918
Gemma 3 4B,relational_followups_v1:confirmatory:0048,3.1576968939926178,3.7199246189166475,2.595469169068588,2.334287172234003,2.432913379743251,2.2356609647247545,3.6380151300122625,5.2425885811166895,2.0334416789078356,2.028459942326563,3.299502200037164,0.7574176846159615,-0.8234097217586149,-1.6095551876856997,0.7861454659270848,0.48031823601964474,-0.30582722990744005,-1.2870112391733963,-1.9430863810795254,0.656075141906129,1.522663962200042,0.8665888202939129,-0.35980820434383354,-1.276023994291874,0.9162157899480405,-0.5620274901607525,-1.478243280108793
Gemma 3 4B,relational_followups_v1:confirmatory:0049,2.3844374933861623,2.1206798418027466,2.648195144969578,1.487501880819551,1.9850323904631093,0.9899713711759928,3.673329851387424,4.8169183002244464,2.5297414025504015,3.0764363890220525,3.881449316590988,2.271423461453117,-0.8969356125666113,-0.5968934623653714,-0.3000421502012398,1.2888923580012617,1.5889345082025015,-0.1356474513396373,-0.9354689836334584,0.7998215322938211,2.6962384584217,1.8964169261278787,-1.6582237737935852,-0.25831794109728445,-1.3999058326963008,-0.1184537424191765,1.2814520902771243
Gemma 3 4B,relational_followups_v1:confirmatory:0050,2.8590058740178295,2.938813328087579,2.7791984199480795,1.244606098802742,1.446657827914188,1.0425543696912962,3.8588008042996185,4.8037439855216135,2.9138576230776225,2.6113923396835172,3.2187035204803114,2.0040811588867236,-1.6143997752150874,-1.2474084646161012,-0.36699131059898615,0.999794930281789,1.3667862408807752,-1.492155500173391,-1.5850404650413021,0.09288496486791109,1.8649306574340345,1.7720456925661234,-1.7366440502567833,-0.909776464190899,-0.8268675860658843,0.13465920312954305,0.9615267891954273
Gemma 3 4B,relational_followups_v1:confirmatory:0051,2.77833730014538,2.6401935413455524,2.916481058945208,1.733770686764541,1.4319501118126263,2.0355912617164558,3.5744139210170762,4.681412762314109,2.467415079720044,2.667974109068032,3.3093284518573087,2.0266197662787553,-1.0445666133808391,-0.9064398119490442,-0.1381268014317949,0.7960766208716961,0.934203422303491,-1.208243429532926,-1.3720843104568,0.16384088092387383,2.0412192209685562,1.8773783400446824,-0.8808897972287522,-0.4407953134412885,-0.44009448378746363,-0.4490659792251641,-0.008971495437700483
Gemma 3 4B,relational_followups_v1:confirmatory:0052,2.4301084113278404,2.0753793464107835,2.784837476244897,0.6762407569736699,0.43169568749086373,0.9207858264564761,2.72294539584864,3.851511871911769,1.5943789197855107,1.5438377612936012,2.1612641958426386,0.9264113267445637,-1.7538676543541705,-1.1791076345550386,-0.5747600197991318,0.2928369845207994,0.8675970043199313,-1.6436836589199197,-1.6902476760691303,0.046564017149210546,1.7761325255009854,1.729568508351775,-1.8640516497884208,-0.667967593040947,-1.1960840567474738,-1.1904585564593861,0.005625500288087615
Gemma 3 4B,relational_followups_v1:confirmatory:0053,0.7284605467498904,0.5223891180342157,0.934531975465565,0.8318938653939849,0.6054521644203286,1.0583355663676413,1.962040355098409,3.316088255610529,0.6079924545862889,1.0048517090262314,1.6884632619712416,0.32124015608122125,0.10343331864409455,-0.9571886460721775,1.060621964716272,1.2335798083485185,0.17295784363224653,0.08306304638611284,-1.6276249936392873,1.7106880400254,2.793699137576313,1.083011097550913,0.12380359090207627,-0.28675229850506767,0.41055588940714394,-0.32653952087927607,-0.73709541028642
Gemma 3 4B,relational_followups_v1:confirmatory:0054,5.037330915251427,5.609149236628264,4.46551259387459,2.7052969733709857,2.219450191857283,3.1911437548846884,4.684828236412464,6.330341961339274,3.039314511485655,3.788492825736756,4.5999888919651735,2.9769967595083386,-2.3320339418804417,-0.8963354106757082,-1.4356985312047335,-0.35250267883896313,1.0831958523657703,-3.389699044770981,-1.7303530693741003,-1.6593459753968807,0.7211927247110097,2.3805387001078904,-1.2743688389899015,-0.06231775197731615,-1.2120510870125853,-1.426198082388935,-0.21414699537634974
Gemma 3 4B,relational_followups_v1:confirmatory:0055,0.6032495486847753,1.1160183864805395,0.09048071088901066,0.4690441502442493,0.8542323095777924,0.08385599091070617,1.9725774811562982,2.8299919147495696,1.1151630475630272,1.0879876153756731,1.7809162715392355,0.3950589592121103,-0.13420539844052604,-0.884589865780625,0.750384467340099,1.3693279324715228,0.6189434651314238,-0.26178607690274713,-1.049075643210334,0.787289566307587,1.71397352826903,0.9266839619614431,-0.006624719978304494,-0.7201040883509169,0.7134793683726124,1.0246823366740165,0.31120296830140415
Gemma 3 4B,relational_followups_v1:confirmatory:0056,2.8666110399000972,2.997051686342015,2.7361703934581794,0.9987754916393832,0.6969918069594394,1.300559176319327,2.6206625513539237,2.947571560052264,2.2937535426555833,1.5502588425260928,1.936348614501795,1.1641690705503906,-1.867835548260714,-1.0704037088278309,-0.7974318394328832,-0.24594848854617357,0.5514833508867096,-2.3000598793825757,-1.011222945550469,-1.2888369338321066,-0.04948012628975107,1.2393568075423556,-1.4356112171388524,-1.1295844721051926,-0.3060267450336598,-0.4424168508025961,-0.1363901057689363
Gemma 3 4B,relational_followups_v1:confirmatory:0057,1.0108733760697324,0.12169122301446844,1.9000555291249963,0.8439562179136035,0.7324811066306909,0.9554313291965162,2.035103769113926,2.391519600965341,1.6786879372625112,1.1539810453484254,1.5546751568280772,0.7532869338687735,-0.16691715815612884,-0.8811227237655008,0.714205565609372,1.0242303930441938,0.31002482743482185,0.6107898836162224,-0.836844444137264,1.4476343277534864,2.2698283779508728,0.8221940501973863,-0.9446241999284801,-0.9254010033937377,-0.01922319653474247,-0.2213675918624851,-0.20214439532774264
Gemma 3 4B,relational_followups_v1:confirmatory:0058,2.3557810988836314,2.0596250187304155,2.6519371790368473,1.2241330104383559,1.268658947955002,1.1796070729217099,2.8271180329450942,3.740648871240266,1.9135871946499226,1.9491753068819588,2.7168047333593175,1.1815458804046002,-1.1316480884452755,-0.8779427260631354,-0.25370536238214014,0.4713369340614628,0.725042296443603,-0.7909660707754136,-1.0238441378809484,0.23287806710553483,1.6810238525098504,1.4481457854043156,-1.4723301061151375,-0.7320413142453224,-0.7402887918698151,-0.7383499843869248,0.0019388074828903257
Gemma 3 4B,relational_followups_v1:confirmatory:0059,2.7371305936675205,2.8066301349215648,2.6676310524134763,1.5751350787203684,1.582713455755128,1.567556701685609,3.044733218907687,4.965913484932781,1.1235529528825934,2.2580415865711267,3.612322239104179,0.9037609340380746,-1.1619955149471521,-0.7866916323365603,-0.3753038826105919,0.30760262524016646,0.6829065078507583,-1.2239166791664369,-1.3535912458286017,0.12967456666216481,2.159283350011216,2.029608783349051,-1.1000743507278674,-0.21979201884451882,-0.8802823318833486,-1.544078099530883,-0.6637957676475343
Gemma 3 4B,relational_followups_v1:confirmatory:0060,2.433283618350843,2.4619372638415316,2.404629972860154,1.6077006825091176,1.2992421781860974,1.9161591868321377,3.867018334213634,5.403520589882095,2.3305160785451733,2.853511947284186,4.034074008536051,1.6729498860323204,-0.8255829358417253,-1.013506386929448,0.1879234510877228,1.433734715862791,1.2458112647750683,-1.1626950856554341,-1.3694465813460432,0.20675149569060913,2.941583326040563,2.734831830349954,-0.4884707860280164,-0.6575661925128529,0.16909540648483645,-0.07411389431498083,-0.24320930079981729
Gemma 3 4B,relational_followups_v1:confirmatory:0061,2.5146953812782376,2.7642799779504426,2.2651107846060325,1.772089019863965,2.3230913124147223,1.2210867273132076,4.085936745240725,5.157448230379554,3.0144252601018966,2.996077713182525,3.859561299599415,2.1325941267656354,-0.7426063614142726,-1.0898590320582002,0.3472526706439276,1.5712413639624878,1.2239886933185602,-0.4411886655357202,-1.2978869307801393,0.856698265244419,2.3931682524291116,1.5364699871846925,-1.044024057292825,-0.8818311333362612,-0.16219292395656382,0.749314475495864,0.9115073994524279
Gemma 3 4B,relational_followups_v1:confirmatory:0062,2.8792148070219414,3.173894457794386,2.5845351562494967,1.752641392086789,2.206644722683408,1.2986380614901698,3.456873798406891,4.90644160756745,2.0073059892463325,2.2979244992071335,2.9518727756285177,1.6439762227857493,-1.1265734149351525,-1.1589492991997576,0.03237588426460514,0.5776589913849497,0.5452831071203446,-0.9672497351109781,-1.954568831938932,0.9873190968279539,1.7325471497730636,0.7452280529451096,-1.285897094759327,-0.36332976646058324,-0.9225673282987437,-0.5772291670031642,0.3453381612955795
Gemma 3 4B,relational_followups_v1:confirmatory:0063,2.801802997393885,3.315978441459259,2.2876275533285115,1.3411769622601986,1.4372830090346405,1.2450709154857567,3.51400059524635,4.22815014458727,2.79985104590543,2.1187269326734386,2.5170421361741706,1.7204117291727066,-1.4606260351336866,-1.3952736625729112,-0.06535237256077542,0.7121975978524646,0.77754997041324,-1.8786954324246183,-1.711108008413099,-0.16758742401151938,0.9121717031280108,1.0797591271395302,-1.0425566378427549,-1.0794393167327234,0.036882678889968545,0.5122234925769185,0.4753408136869499
Gemma 3 4B,relational_followups_v1:confirmatory:0064,2.2857456976830695,2.6224192584074473,1.9490721369586916,1.320570231321732,1.6678520657312914,0.9732883969121726,3.899496478784384,5.322021738308727,2.476971219260041,2.5357816561575026,3.6636547837873894,1.4079085285276163,-0.9651754663613374,-1.3637148226268816,0.39853935626554415,1.6137507811013148,1.2152114248357706,-0.9545671926761559,-1.658366954521338,0.7037997618451821,2.69960247990128,1.995802718056098,-0.975783740046519,-1.0690626907324248,0.09327895068590575,0.5278990823013494,0.43462013161544366
Gemma 3 4B,relational_followups_v1:confirmatory:0065,3.4021357792922506,3.189463093636059,3.6148084649484424,1.2917208800994757,1.5542485045093253,1.0291932556896262,3.2465763762012254,4.325875743937719,2.1672770084647315,2.5718452239721117,3.344551191217156,1.7991392567270674,-2.110414899192775,-0.6747311522291137,-1.4356837469636612,-0.15555940309102523,1.280124343872636,-1.6352145891267336,-0.9813245527205634,-0.6538900364061702,1.1364126503016605,1.7903026867078307,-2.5856152092588163,-0.36813775173766405,-2.217477457521152,-1.447531456483711,0.7699460010374413
Gemma 3 4B,relational_followups_v1:confirmatory:0066,2.5151588912878426,2.0202807524442425,3.0100370301314427,1.3732723511344327,1.2017437217665083,1.544800980502357,3.3496717019996587,4.440819389588901,2.2585240144104164,2.1592808307670888,2.7546854753442123,1.5638761861899653,-1.14188654015341,-1.19039087123257,0.04850433107915997,0.834512810711816,0.7860084796326561,-0.8185370306777342,-1.6861339142446887,0.8675968835669545,2.4205386371446584,1.552941753577704,-1.4652360496290857,-0.6946478282204511,-0.7705882214086346,-0.7515130157210264,0.019075205687608232
Gemma 3 4B,relational_followups_v1:confirmatory:0067,2.1656842921197734,2.397655214287993,1.9337133699515539,2.2120093485323933,2.1087114691381883,2.3153072279265983,3.491891052632679,4.737671674649738,2.2461104306156203,2.4210982187164034,3.803544832088104,1.038651605344703,0.04632505641261986,-1.0707928339162756,1.1171178903288954,1.3262067605129055,0.20908887018401012,-0.2889437451498047,-0.9341268425616338,0.6451830974118291,2.3400164603617446,1.6948333629499155,0.3815938579750444,-1.2074588252709173,1.5890526832459617,0.3123970606640665,-1.2766556225818952
Gemma 3 4B,relational_followups_v1:confirmatory:0068,2.2737860614497083,2.29559483189981,2.2519772909996068,1.3252482154386374,1.0857662470441714,1.5647301838331034,3.532955741088508,5.04752003842363,2.018391443753386,2.200465727492287,2.9093116310753704,1.491619823909204,-0.9485378460110709,-1.332490013596221,0.38395216758515005,1.2591696796387999,0.8752175120536498,-1.2098285848556385,-2.1382084073482597,0.9283798224926212,2.7519252065238202,1.823545384031199,-0.6872471071665034,-0.5267716198441819,-0.16047548732232153,-0.2335858472462209,-0.07311035992389936
Gemma 3 4B,relational_followups_v1:confirmatory:0069,3.337557851204305,3.4296216947238602,3.2454940076847514,2.35559066555632,2.7531732901193218,1.9580080409933185,3.601741020899801,5.511468878674265,1.692013163125338,2.604501243917961,3.5609823404265133,1.648020147409409,-0.981967185647985,-0.9972397769818402,0.015272591333855168,0.26418316969549593,0.24891057836164077,-0.6764484046045385,-1.9504865382477514,1.274038133643213,2.0818471839504045,0.8078090503071915,-1.287485966691433,-0.04399301571592895,-1.243492950975504,-1.5534808445594135,-0.30998789358390955
Gemma 3 4B,relational_followups_v1:confirmatory:0070,2.542488709823808,3.7861818923351995,1.298795527312416,1.5956684925106996,1.9986084335676262,1.192728551453773,3.2635304454349776,5.087091288022216,1.4399696028477393,2.1997046327716165,2.879058311675755,1.520350953867478,-0.9468202173131082,-1.063825812663361,0.1170055953502529,0.7210417356111698,0.6040361402609169,-1.7875734587675733,-2.208032976346461,0.42045951757888744,1.3009093956870164,0.8804498781081289,-0.106066975858643,0.08038135101973864,-0.18644832687838164,0.14117407553532324,0.3276224024137049
Gemma 3 4B,relational_followups_v1:confirmatory:0071,2.9381574809973054,2.6555478408042203,3.2207671211903905,1.122036793723523,0.6934895645324683,1.5505840229145775,3.7650086065240966,4.925156721302804,2.6048604917453893,2.9491557923221055,3.922107127768157,1.976204456876054,-1.8161206872737825,-0.8158528142019912,-1.0002678730717913,0.8268511255267912,1.8271189985985825,-1.962058276271752,-1.0030495935346466,-0.9590086827371054,2.2696088804985832,3.2286175632356886,-1.670183098275813,-0.6286560348693353,-1.0415270634064777,-0.6159066294450013,0.4256204339614764
Gemma 3 4B,relational_followups_v1:confirmatory:0072,2.263278514606248,2.35905212620386,2.167504903008636,1.0042948952456987,1.54876560976171,0.45982418072968745,2.2429808800633166,4.180095878228564,0.30586588189806907,1.513817977399293,2.840555931504193,0.187080023294393,-1.2589836193605493,-0.7291629026640236,-0.5298207166965256,-0.02029763454293132,0.5095230821535943,-0.81028651644215,-1.3395399467243712,0.5292534302822212,1.8210437520247043,1.291790321742483,-1.7076807222789485,-0.11878585860367608,-1.5888948636752724,-1.861639021110567,-0.27274415743529445
Gemma 3 4B,relational_followups_v1:confirmatory:0073,2.926792987718034,2.612759829070912,3.2408261463651558,2.499564795238556,2.137005946180383,2.8621236442967284,4.933135016001533,6.814767653142798,3.051502378860267,3.502759388485689,4.913551054070004,2.091967722901374,-0.4272281924794781,-1.4303756275158435,1.0031474350363654,2.0063420282834987,1.0031945932471333,-0.4757538828905288,-1.9012165990727947,1.425462716182266,4.202007824071886,2.7765451078896204,-0.37870250206842737,-0.9595346559588931,0.5808321538904657,-0.18932376750488888,-0.7701559213953546
Gemma 3 4B,relational_followups_v1:confirmatory:0074,2.6691585582535753,2.6349636932981735,2.703353423208977,0.8973540680044279,1.1851865046994057,0.60952163130945,2.4837918248666133,3.655707170689846,1.3118764790433808,1.7763914297847916,2.1268418584968627,1.4259410010727205,-1.7718044902491474,-0.7074003950818217,-1.0644040951673257,-0.18536673338696197,0.8790373617803637,-1.4497771885987678,-1.5288653121929832,0.07908812359421535,1.0207434773916724,0.941655353797457,-2.093831791899527,0.1140645220293397,-2.2078963139288668,-1.3914769441655963,0.8164193697632705
Gemma 3 4B,relational_followups_v1:confirmatory:0075,2.084413790938472,3.3387433057123825,0.8300842761645617,1.5498182779455174,1.3424059071150936,1.7572306487759413,2.1658026768507836,3.2106751657372206,1.1209301879643467,1.6504149739958938,2.113553319379914,1.1872766286118734,-0.5345955129929547,-0.5153877028548899,-0.01920781013806483,0.08138888591231153,0.10059669605037636,-1.996337398597289,-1.0971218463573065,-0.8992155522399825,-0.12806813997516198,0.7711474122648205,0.9271463726113796,0.0663464406475267,0.8607999319638528,0.29084591179978503,-0.5699540201640678
Gemma 3 4B,relational_followups_v1:confirmatory:0076,2.0805726231939015,2.223237336863858,1.937907909523945,1.1739927650042108,1.3622845736879157,0.9857009563205059,2.979001669816027,4.331853155996358,1.626150183635696,2.64906243709355,3.948072613935569,1.3500522602515312,-0.9065798581896907,-0.3299392327224768,-0.5766406254672138,0.8984290466221254,1.4750696720893393,-0.8609527631759422,-0.38378054206078893,-0.47717222111515323,2.1086158191325,2.585788040247653,-0.9522069532034392,-0.2760979233841647,-0.6761090298192745,-0.3117577258882491,0.3643513039310253
Gemma 3 4B,relational_followups_v1:confirmatory:0077,1.9390747875998522,1.965889291786818,1.9122602834128863,1.2666909303043639,1.38553949535833,1.1478423652503977,3.218856636758581,4.1096269986781255,2.3280862748390363,2.7608222531934077,3.368924050167999,2.152720456218815,-0.6723838572954883,-0.45803438356517345,-0.21434947373031488,1.279781849158729,1.4941313228890438,-0.580349796428488,-0.7407029485101266,0.16035315208163858,2.1437377068913075,1.983384554809669,-0.7644179181624886,-0.17536581862022116,-0.5890520995422674,0.41582599142614995,1.0048780909684174
Gemma 3 4B,relational_followups_v1:confirmatory:0078,3.0951296931276278,4.0479380907725275,2.142321295482728,1.1056127922350036,0.9632342384011228,1.2479913460688845,4.9566989691165215,6.21766469246816,3.695733245764882,3.627537936157483,4.2673249029980065,2.9877509693169593,-1.9895169008926241,-1.3291610329590386,-0.6603558679335855,1.8615692759888938,2.5219251439224792,-3.0847038523714048,-1.9503397894701537,-1.134364062901251,2.1697266016956327,3.3040906645968837,-0.8943299494138435,-0.7079822764479227,-0.1863476729659208,1.553411950282154,1.7397596232480748
Gemma 3 4B,relational_followups_v1:confirmatory:0079,3.1975883016177318,3.0445159125593917,3.3506606906760714,1.8641924292316983,2.7681406137528386,0.9602442447105579,4.776245741032687,6.341068743746716,3.211422738318658,3.1734083468908616,4.09865470837316,2.2481619854085633,-1.3333958723860335,-1.6028373941418255,0.26944152175579195,1.5786574394149553,1.3092159176591633,-0.2763752988065531,-2.2424140353735558,1.9660387365670027,3.296552831187324,1.3305140946203213,-2.3904164459655135,-0.9632607529100947,-1.4271556930554188,-0.13923795235741343,1.2879177406980054
Gemma 3 4B,relational_followups_v1:confirmatory:0080,3.8009630230194955,3.933335094769533,3.668590951269458,2.202704510792299,1.9930014009656043,2.4124076206189935,3.4596753452057545,4.857170130184512,2.062180560226997,3.0046018400443155,3.80871889806523,2.200484782023401,-1.5982585122271966,-0.45507350516143896,-1.1431850070657577,-0.34128767781374103,0.8018973292520166,-1.9403336938039288,-1.048451232119282,-0.8918824616846468,0.9238350354149789,1.8157174970996257,-1.2561833306504644,0.13830422179640411,-1.3944875524468685,-1.606410391042461,-0.21192283859559247
Gemma 3 4B,relational_followups_v1:confirmatory:0081,1.0868445626737686,2.0879818246872297,0.08570730066030752,1.0615779997824726,1.2952604946388862,0.827895504926059,2.671260017081703,3.459545556526108,1.8829744776372976,0.9134182381539686,1.524562277488454,0.30227419881948325,-0.02526656289129603,-1.7578417789277343,1.7325752160364383,1.5844154544079343,-0.14815976162850397,-0.7927213300483436,-1.9349832790376542,1.1422619489893107,1.3715637318388785,0.22930178284956781,0.7421882042657515,-1.5807002788178144,2.322888483083566,1.7972671769769901,-0.5256213061065758
Gemma 3 4B,relational_followups_v1:confirmatory:0082,2.5055389397657786,3.2457604968495746,1.7653173826819826,1.9714739785068498,2.552078103529439,1.3908698534842605,3.6834034314931734,5.335183662332015,2.031623200654332,1.7395697954941065,2.9430931813191643,0.5360464096690487,-0.5340649612589288,-1.9438336359990669,1.4097686747401381,1.1778644917273948,-0.2319041830127433,-0.6936823933201355,-2.3920904810128505,1.698408087692715,2.0894231654824402,0.3910150777897252,-0.37444752919772206,-1.4955767909852833,1.1211292617875612,0.2663058179723494,-0.8548234438152118
Gemma 3 4B,relational_followups_v1:confirmatory:0083,3.171141980456318,3.6039846038560652,2.7382993570565706,2.1758368727930955,2.172475419921997,2.179198325664194,4.486176714386794,6.346339216280171,2.6260142124934163,3.3159862957205672,4.728282456831448,1.9036901346096862,-0.9953051076632224,-1.1701904186662264,0.17488531100300397,1.3150347339304758,1.1401494229274718,-1.4315091839340681,-1.6180567594487227,0.18654757551465462,2.742354612424106,2.555807036909451,-0.5591010313923768,-0.7223240778837301,0.16322304649135333,-0.1122851445631543,-0.27550819105450763
Gemma 3 4B,relational_followups_v1:confirmatory:0084,4.199483946196494,3.667029398892593,4.731938493500396,1.450805800778241,1.4151043386656132,1.4865072628908687,5.002832378033,5.797102704281288,4.208562051784714,3.4123428956115145,4.061260975520209,2.7634248157028196,-2.7486781454182534,-1.5904894824214857,-1.1581886629967677,0.8033484318365058,1.9615370948332735,-2.25192506022698,-1.7358417287610788,-0.516083331465901,2.130073305388695,2.646156636854596,-3.245431230609527,-1.4451372360818944,-1.8002939945276326,-0.5233764417156817,1.276917552811951
Gemma 3 4B,relational_followups_v1:confirmatory:0085,2.1208335276849057,2.484215929913238,1.7574511254565737,1.338690034119574,1.7116609075909102,0.9657191606482378,3.721128632139631,4.500560826551517,2.9416964377277446,1.7663745016161994,2.4713963309829836,1.061352672249415,-0.7821434935653317,-1.9547541305234317,1.1726106369581,1.6002951044547253,0.42768446749662536,-0.7725550223223276,-2.0291644955685335,1.2566094732462059,2.0163448966382793,0.7597354233920735,-0.7917319648083359,-1.8803437654783295,1.0886118006699936,1.184245312271171,0.09563351160117728
Gemma 3 4B,relational_followups_v1:confirmatory:0086,2.947426587607464,2.944020157926146,2.9508330172887822,1.7377823523037779,1.3997651979175636,2.075799506689992,3.5046844503570056,4.859285118395025,2.150083782318986,2.7073510472782294,3.4955514081114067,1.9191506864450512,-1.2096442353036863,-0.7973334030787762,-0.41231083222491005,0.5572578627495415,0.9695686949744515,-1.5442549600085824,-1.3637337102836184,-0.18052124972496397,1.9152649604688792,2.095786210193843,-0.8750335105987901,-0.23093309587393485,-0.6441004147248552,-0.8007492349697962,-0.15664882024494098
Gemma 3 4B,relational_followups_v1:confirmatory:0087,3.5276263593088286,3.270967303374868,3.7842854152427883,2.713687463583862,2.8462655984226197,2.5811093287451046,3.8994406524885514,5.161898710808302,2.636982594168801,2.8030615122977056,3.965997781608004,1.6401252429874074,-0.8139388957249665,-1.0963791401908458,0.28244024446587934,0.3718142931797228,0.08937404871384347,-0.42470170495224835,-1.195900929200298,0.7711992242480497,1.8909314074334338,1.1197321831853841,-1.2031760864976837,-0.9968573511813936,-0.20631873531629008,-1.1473028210739873,-0.9409840857576972
Gemma 3 4B,relational_followups_v1:confirmatory:0088,1.885911834788418,2.1627304753525616,1.6090931942242745,1.365099754731153,1.3418017379580762,1.3883977715042297,3.218541829221579,4.462848093820488,1.9742355646226697,2.2548404933100166,2.8408041658800824,1.6688768207399507,-0.5208120800572651,-0.9637013359115625,0.4428892558542974,1.332629994433161,0.8897407385788636,-0.8209287373944854,-1.622043927940406,0.8011151905459206,2.300117618467927,1.4990024279220062,-0.22069542272004483,-0.305358743882719,0.08466332116267417,0.36514237039839514,0.280479049235721
Gemma 3 4B,relational_followups_v1:confirmatory:0089,2.579383371644476,2.967954849342361,2.1908118939465906,1.7333602981720349,1.5493332078932225,1.9173873884508472,4.955590576345523,5.07932662265508,4.831854530035965,3.1063052794906647,4.071636259054667,2.140974299926662,-0.8460230734724412,-1.8492852968548585,1.0032622233824173,2.376207204701047,1.3729449813186299,-1.4186216414491386,-1.007690363600413,-0.4109312778487255,2.1113717733127193,2.522303051161445,-0.2734245054957434,-2.690880230109303,2.4174557246135597,2.6410426360893746,0.2235869114758149
Gemma 3 4B,relational_followups_v1:confirmatory:0090,2.7043835906350635,3.169788461160512,2.2389787201096154,2.044638114451041,2.159800159121583,1.929476069780499,3.816703311714932,4.918270137141132,2.7151364862887313,2.457034155993721,3.3761464850560237,1.5379218269314192,-0.6597454761840225,-1.3596691557212108,0.6999236795371884,1.1123197210798685,0.41239604154268017,-1.0099883020389289,-1.5421236520851083,0.5321353500461794,1.7484816759806199,1.2163463259344405,-0.3095026503291165,-1.177214659357312,0.8677120090281956,0.47615776617911587,-0.3915542428490797
Gemma 3 4B,relational_followups_v1:confirmatory:0091,3.406782407278709,3.341892099554811,3.471672715002607,1.8830379574054215,1.967158951100222,1.7989169637106208,4.0690428580360445,5.562906236789086,2.575179479283004,2.0748057571186656,2.879953287431202,1.2696582268061292,-1.5237444498732877,-1.994237100917379,0.4704926510440912,0.6622604507573353,0.1917677997132441,-1.374733148454589,-2.682952949357884,1.308219800903295,2.221014137234275,0.9127943363309798,-1.6727557512919864,-1.3055212524768747,-0.3672344988151117,-0.8964932357196034,-0.5292587369044917
Gemma 3 4B,relational_followups_v1:confirmatory:0092,2.827263653645159,2.563751686090307,3.0907756212000117,2.2414030740656856,2.530886047538721,1.95192010059265,3.8621359508105777,4.58243386250593,3.141838039115225,2.9767080456868436,3.2927858914327444,2.6606301999409423,-0.5858605795794736,-0.8854279051237341,0.2995673255442606,1.0348722971654185,0.7353049716211579,-0.032865638551585974,-1.2896479710731854,1.2567823325215994,2.0186821764156226,0.7618998438940232,-1.1388555206073616,-0.4812078391742829,-0.6576476814330787,0.05106241791521349,0.7087100993482922
Gemma 3 4B,relational_followups_v1:confirmatory:0093,2.250008816288064,2.6633746007584227,1.8366430318177054,1.3853578956553987,2.0188078777444307,0.7519079135663667,2.4752241992283612,2.990947512781699,1.9595008856750233,1.7559446555996203,2.590156041307284,0.9217332698919565,-0.8646509206326654,-0.7192795436287409,-0.14537137700392444,0.2252153829402972,0.37058675994422163,-0.644566723013992,-0.40079147147441496,-0.24377525153957702,0.32757291202327643,0.5713481635628535,-1.0847351182513387,-1.0377676157830669,-0.04696750246827186,0.12285785385731796,0.16982535632558982
Gemma 3 4B,relational_followups_v1:confirmatory:0094,2.1550012622582453,1.9681751205057747,2.3418274040107163,1.751878363102339,1.8852346973758767,1.6185220288288011,4.389774749161274,5.975081411111581,2.804468087210969,3.341943812436763,4.0506587092940585,2.633228915579468,-0.4031228991559064,-1.0478309367245116,0.6447080375686052,2.234773486903029,1.590065449334424,-0.08294042312989802,-1.9244227018175222,1.8414822786876242,4.006906290605806,2.165424011918182,-0.7233053751819152,-0.17123917163150093,-0.5520662035504142,0.46264068320025276,1.014706886750667
Gemma 3 4B,relational_followups_v1:confirmatory:0095,1.3090927670795027,1.988101869263068,0.6300836648959374,1.2274804961568186,1.5350112769107573,0.91994971540288,3.2168091158885592,4.840720277465241,1.5928979543118773,2.137343547764169,3.0337088167753574,1.2409782787529808,-0.08161227092268408,-1.07946556812439,0.997853297201706,1.9077163488090565,0.9098630516073505,-0.45309059235231075,-1.8070114606898837,1.353920868337573,2.852618408202173,1.4986975398646,0.2898660505069426,-0.35191967555889647,0.6417857260658391,0.9628142894159399,0.3210285633501009
